"X1","X2","feature_no","VOI_pre","VOI_abs","CS_pre","CS_abs","OR","p_value","CI_low","CI_up"
"AAAAA","TTTTT",1,67,9036,67,9036,1,1,0.701044469873423,1.42644303317956
"AAAAT","ATTTT",2,35,9068,27,9076,1.29741777828661,0.373334029997103,0.762293636454213,2.23067413971475
"AAAAG","CTTTT",3,16,9087,14,9089,1.14309952449804,0.855416383016044,0.522403887619673,2.53036496612209
"AAAAC","GTTTT",4,16,9087,15,9088,1.06680989073622,1,0.493611617064028,2.31801832719203
"AAATA","TATTT",5,34,9069,27,9076,1.2602124238019,0.441857202239671,0.737352117571729,2.17353863305633
"AAATT","AATTT",6,33,9070,27,9076,1.22301516798253,0.518264744039529,0.712475707048802,2.11630756585002
"AAATG","CATTT",7,21,9082,17,9086,1.23582151592984,0.626739730306876,0.620512356609323,2.49629482374279
"AAATC","GATTT",8,10,9093,10,9093,1,1,0.373328270511452,2.6786077535195
"AAAGA","TCTTT",9,26,9077,18,9085,1.44568162927331,0.290629549500817,0.76214741556082,2.80132150994861
"AAAGT","ACTTT",10,16,9087,15,9088,1.06680989073622,1,0.493611617064028,2.31801832719203
"AAAGG","CCTTT",11,23,9080,12,9091,1.91891070695865,0.0892242557214903,0.915731867295547,4.23440574935353
"AAAGC","GCTTT",12,7,9096,8,9095,0.874910802592527,1,0.269936684312804,2.7622668333999
"AAACA","TGTTT",13,16,9087,22,9081,0.726808019445995,0.417202752745323,0.356537325442546,1.44983402571799
"AAACT","AGTTT",14,14,9089,21,9082,0.666171428264546,0.310036932271442,0.313108796794574,1.37459630238196
"AAACG","CGTTT",15,3,9100,2,9101,1.50012398961843,1,0.171799971603866,17.9581353107836
"AAACC","GGTTT",16,10,9093,13,9090,0.76899021078735,0.677444543999088,0.301702040159926,1.89947310453606
"AATAA","TTATT",17,37,9066,40,9063,0.924722393354096,0.819515809220546,0.574465713096075,1.48493284598601
"AATAT","ATATT",18,20,9083,24,9079,0.832975844312075,0.651191279432409,0.43605495489499,1.57481508158068
"AATAG","CTATT",19,25,9078,19,9084,1.31663525754173,0.450830192842743,0.69578128060774,2.53113658815715
"AATAC","GTATT",20,12,9091,12,9091,1,1,0.410684920622411,2.43495670229249
"AATTA","TAATT",21,18,9085,17,9086,1.05896027856847,1,0.514594124937259,2.18828532982454
"AATTG","CAATT",22,23,9080,24,9079,0.958217746905345,1,0.516406376227137,1.7740112453416
"AATTC","GAATT",23,11,9092,16,9087,0.687139264579364,0.441726559764685,0.288157190320069,1.57759090211732
"AATGA","TCATT",24,22,9081,23,9080,0.956405437551744,1,0.507916490358911,1.79652000460706
"AATGT","ACATT",25,22,9081,34,9069,0.646222717882994,0.140284215965665,0.359757701463303,1.1384002661085
"AATGG","CCATT",26,34,9069,24,9079,1.41819543373685,0.236297881055756,0.815907782659113,2.50171560797264
"AATGC","GCATT",27,16,9087,13,9090,1.23115930064429,0.71084867357054,0.554873654400925,2.78400058925718
"AATCA","TGATT",28,15,9088,11,9092,1.36420831949781,0.556912262773783,0.585123693444108,3.28549135722194
"AATCT","AGATT",29,17,9086,12,9091,1.41741305417412,0.45789693014182,0.637553172139548,3.25471420743511
"AATCG","CGATT",30,2,9101,2,9101,1,1,0.0724924012561371,13.7945492585727
"AATCC","GGATT",31,13,9090,6,9097,2.16823651421718,0.166846707150453,0.768508092036277,6.96100573245588
"AAGAA","TTCTT",32,35,9068,37,9066,0.945720110984721,0.906108487621587,0.577832136549272,1.54504521921037
"AAGAT","ATCTT",33,19,9084,18,9085,1.05568978274267,1,0.524036707885633,2.13448046900534
"AAGAG","CTCTT",34,24,9079,25,9078,0.959885038797572,1,0.524478262839315,1.75315723916588
"AAGAC","GTCTT",35,11,9092,10,9093,1.10010269029034,1,0.423923079823662,2.89102134758451
"AAGTA","TACTT",36,23,9080,24,9079,0.958217746905345,1,0.516406376227137,1.7740112453416
"AAGTT","AACTT",37,22,9081,15,9088,1.46775931272419,0.323514105245312,0.72711215645221,3.04411027117815
"AAGTG","CACTT",38,20,9083,28,9075,0.713672751705366,0.311685884207502,0.380823844653426,1.31406504557912
"AAGTC","GACTT",39,18,9085,15,9088,1.20038258543991,0.728093422383154,0.570892251479315,2.56055774387363
"AAGGA","TCCTT",40,19,9084,25,9078,0.759511789063802,0.450830192842743,0.395079429801957,1.43723326262318
"AAGGT","ACCTT",41,13,9090,18,9085,0.721840701377701,0.472749433686308,0.324944411031754,1.55935039312621
"AAGGG","CCCTT",42,17,9086,21,9082,0.809178337737218,0.626739730306876,0.400593708118443,1.61157145276577
"AAGGC","GCCTT",43,7,9096,15,9088,0.46627725437331,0.13356595053433,0.160747182716727,1.21560886282472
"AAGCA","TGCTT",44,24,9079,26,9077,0.922900674586202,0.887570339991892,0.506868386403627,1.67374941119134
"AAGCT","AGCTT",45,16,9087,15,9088,1.06680989073622,1,0.493611617064028,2.31801832719203
"AAGCG","CGCTT",46,4,9099,5,9098,0.799923522273531,1,0.158674044728852,3.71783711408976
"AAGCC","GGCTT",47,19,9084,24,9079,0.791242885239187,0.541903414019864,0.409475098812109,1.50817748482444
"AACAA","TTGTT",48,49,9054,41,9062,1.19616459880158,0.4596779310201,0.772974135887929,1.85954020547117
"AACAT","ATGTT",49,21,9082,25,9078,0.839639136803953,0.65833087381271,0.446586652485777,1.56387557090903
"AACAG","CTGTT",50,34,9069,31,9072,1.0971163876714,0.803972155583632,0.653702379208361,1.84752645134928
"AACAC","GTGTT",51,17,9086,23,9080,0.738657235851794,0.42908008910775,0.370146033588062,1.44574823111906
"AACTA","TAGTT",52,12,9091,11,9092,1.09100306187722,1,0.440462400072018,2.73032646206265
"AACTG","CAGTT",53,17,9086,19,9084,0.894545747778009,0.867808643731458,0.436457209480529,1.81882754377544
"AACTC","GAGTT",54,7,9096,14,9089,0.499636375495751,0.188991216838209,0.170601793224344,1.32354733414237
"AACGA","TCGTT",55,25,9078,26,9077,0.96142404908595,1,0.532132335537826,1.73377212055272
"AACGT","ACGTT",56,26,9077,24,9079,1.08354022002245,0.887570339991892,0.597461001816406,1.97289873826079
"AACGG","CCGTT",57,25,9078,33,9070,0.7569220655644,0.357373749579815,0.431137166860734,1.31342330038516
"AACGC","GCGTT",58,19,9084,23,9080,0.825733130469344,0.643583339206221,0.424929388115048,1.58637281251916
"AACCA","TGGTT",59,17,9086,19,9084,0.894545747778009,0.867808643731458,0.436457209480529,1.81882754377544
"AACCT","AGGTT",60,23,9080,21,9082,1.09545716077057,0.880251033931331,0.579164394536525,2.08265383369617
"AACCG","CGGTT",61,1,9102,1,9102,1,1,0.0127453123242512,78.4602192993924
"AACCC","GGGTT",62,30,9073,15,9088,2.00322146292048,0.0354718775605641,1.04374957759398,4.0090526177587
"ATAAA","TTTAT",63,22,9081,29,9074,0.758049770192191,0.400398497052376,0.414683382256862,1.36729491614093
"ATAAT","ATTAT",64,18,9085,9,9094,2.00189645006596,0.121801864465131,0.853478205299449,5.0609203163597
"ATAAG","CTTAT",65,10,9093,11,9092,0.909006049004457,1,0.34589851812596,2.3589185104429
"ATAAC","GTTAT",66,5,9098,6,9097,0.833251209442962,1,0.201090590155531,3.27853278473111
"ATATA","TATAT",67,31,9072,37,9066,0.837292957580683,0.543855948237909,0.501871110754504,1.38831148648391
"ATATG","CATAT",68,20,9083,11,9092,1.81991391455172,0.149266140219304,0.830705284719241,4.20766606744756
"ATATC","GATAT",69,8,9095,9,9094,0.888797341372765,1,0.298255875609568,2.59662604481759
"ATAGA","TCTAT",70,9,9094,7,9096,1.28597598250054,0.803533037518017,0.425962122922778,4.06509636365907
"ATAGT","ACTAT",71,11,9092,9,9094,1.22247556487503,0.823706091188451,0.460294710225837,3.33941214401772
"ATAGG","CCTAT",72,7,9096,4,9099,1.75051379854903,0.548704169869726,0.444840685268069,8.15755645202303
"ATAGC","GCTAT",73,3,9100,13,9090,0.230544724121928,0.021215864069089,0.0421255491707094,0.839304336191143
"ATACA","TGTAT",74,12,9091,12,9091,1,1,0.410684920622411,2.43495670229249
"ATACT","AGTAT",75,8,9095,6,9097,1.33360114316967,0.790446759630035,0.405597332279631,4.66447073182696
"ATACG","CGTAT",76,0,9103,4,9099,0,0.12495880365839,0,1.51466779933744
"ATACC","GGTAT",77,13,9090,9,9094,1.445044297904,0.523212821768671,0.571119380969681,3.83256601334621
"ATTAA","TTAAT",78,15,9088,26,9077,0.57624542705448,0.116863136759974,0.28353093242904,1.1301150711027
"ATTAG","CTAAT",79,11,9092,12,9091,0.91658771175157,1,0.366256568177763,2.2703413499915
"ATTAC","GTAAT",80,10,9093,7,9096,1.42900849023943,0.628895737534032,0.490754443095401,4.42535686112587
"ATTTA","TAAAT",81,19,9084,14,9089,1.35786219552678,0.486451876586336,0.64504254440298,2.92878686051935
"ATTTG","CAAAT",82,14,9089,16,9087,0.874814465904986,0.855416383016044,0.395199907281577,1.91422771479839
"ATTTC","GAAAT",83,12,9091,11,9092,1.09100306187722,1,0.440462400072018,2.73032646206265
"ATTGA","TCAAT",84,8,9095,9,9094,0.888797341372765,1,0.298255875609568,2.59662604481759
"ATTGT","ACAAT",85,11,9092,14,9089,0.785467323203924,0.689833465963528,0.322497925899345,1.86356158233887
"ATTGG","CCAAT",86,14,9089,13,9090,1.07700480939013,1,0.469258949001804,2.4900101865724
"ATTGC","GCAAT",87,13,9090,10,9093,1.30040667094595,0.677444543999088,0.526461784382173,3.31452846480561
"ATTCA","TGAAT",88,8,9095,7,9096,1.14297365747092,1,0.362021506361557,3.70457243536856
"ATTCT","AGAAT",89,8,9095,11,9092,0.727048305484824,0.647431568115721,0.253741346499326,1.98548207740373
"ATTCG","CGAAT",90,3,9100,1,9102,3.00067677869155,0.624958799131942,0.240875297391665,157.417811983715
"ATTCC","GGAAT",91,14,9089,10,9093,1.4005845099605,0.540986279282057,0.578280026058955,3.52635780231733
"ATGAA","TTCAT",92,17,9086,15,9088,1.13357435254316,0.859926914561019,0.532171255739395,2.43923731711704
"ATGAT","ATCAT",93,11,9092,10,9093,1.10010269029034,1,0.423923079823662,2.89102134758451
"ATGAG","CTCAT",94,18,9085,29,9074,0.619957857378405,0.143347720334429,0.323984192871517,1.15567951497174
"ATGAC","GTCAT",95,7,9096,9,9094,0.777619499592465,0.803533037518017,0.245996628503016,2.34762657566454
"ATGTA","TACAT",96,27,9076,30,9073,0.899708635708769,0.791044825561379,0.514168956031978,1.56727026646123
"ATGTG","CACAT",97,27,9076,30,9073,0.899708635708769,0.791044825561379,0.514168956031978,1.56727026646123
"ATGTC","GACAT",98,18,9085,14,9089,1.28625926357568,0.596288942857617,0.604011089101972,2.79633319123226
"ATGGA","TCCAT",99,14,9089,17,9086,0.823267662093941,0.719869242093586,0.375462148346974,1.77580083547209
"ATGGT","ACCAT",100,25,9078,18,9085,1.38992919518732,0.359807100034831,0.727882155142336,2.70620316743245
"ATGGG","CCCAT",101,12,9091,23,9080,0.521128990720437,0.0892242557214903,0.236160646662798,1.09202271506978
"ATGGC","GCCAT",102,9,9094,13,9090,0.692020307924452,0.523212821768671,0.260921794045473,1.75094740840722
"ATGCA","TGCAT",103,13,9090,23,9080,0.564616401282881,0.132115699374053,0.262520312252289,1.16312161902482
"ATGCT","AGCAT",104,10,9093,12,9091,0.833159522000301,0.831710196869089,0.322249781663582,2.10537591330108
"ATGCG","CGCAT",105,3,9100,3,9100,1,1,0.133888382235299,7.46890793140343
"ATGCC","GGCAT",106,17,9086,12,9091,1.41741305417412,0.45789693014182,0.637553172139548,3.25471420743511
"ATCAA","TTGAT",107,12,9091,17,9086,0.705510646353308,0.45789693014182,0.307246638649743,1.56849662694662
"ATCAG","CTGAT",108,11,9092,15,9088,0.73302587713885,0.556912262773783,0.304368476819112,1.70904034686047
"ATCAC","GTGAT",109,9,9094,10,9093,0.89990760696605,1,0.323387821294101,2.46556803983108
"ATCTA","TAGAT",110,8,9095,9,9094,0.888797341372765,1,0.298255875609568,2.59662604481759
"ATCTG","CAGAT",111,24,9079,23,9080,1.04360413197271,1,0.563694284704179,1.93645943589232
"ATCTC","GAGAT",112,11,9092,15,9088,0.73302587713885,0.556912262773783,0.304368476819112,1.70904034686047
"ATCGA","TCGAT",113,7,9096,13,9090,0.53812740341239,0.262911896540156,0.181705862682707,1.45199647987685
"ATCGT","ACGAT",114,17,9086,12,9091,1.41741305417412,0.45789693014182,0.637553172139548,3.25471420743511
"ATCGG","CCGAT",115,11,9092,11,9092,1,1,0.392921931127261,2.5450348295171
"ATCGC","GCGAT",116,21,9082,24,9079,0.874717980722594,0.765708544648256,0.462756102509315,1.64119089520839
"ATCCA","TGGAT",117,12,9091,11,9092,1.09100306187722,1,0.440462400072018,2.73032646206265
"ATCCT","AGGAT",118,15,9088,20,9083,0.749601673142206,0.499143961659908,0.356814645358481,1.5413857845937
"ATCCG","CGGAT",119,3,9100,2,9101,1.50012398961843,1,0.171799971603866,17.9581353107836
"ATCCC","GGGAT",120,10,9093,14,9089,0.713987619374859,0.540986279282057,0.283578710969957,1.7292660215417
"AGAAA","TTTCT",121,21,9082,28,9075,0.749436257713215,0.390961846151925,0.404257830870248,1.36923024868878
"AGAAG","CTTCT",122,15,9088,21,9082,0.713830272142295,0.404564429268604,0.342080228108116,1.45371065118528
"AGAAC","GTTCT",123,12,9091,9,9094,1.33374791494801,0.663438901359771,0.515501917957896,3.58600856073047
"AGATA","TATCT",124,16,9087,12,9091,1.33389481592203,0.571289090989177,0.591702954124506,3.09088264507584
"AGATG","CATCT",125,26,9077,15,9088,1.73537168895478,0.116863136759974,0.884865643835948,3.52695203811765
"AGATC","GATCT",126,18,9085,10,9093,1.80151715574396,0.184594844403326,0.787961582628737,4.37088815600035
"AGAGA","TCTCT",127,17,9086,23,9080,0.738657235851794,0.42908008910775,0.370146033588062,1.44574823111906
"AGAGT","ACTCT",128,16,9087,7,9096,2.28801598913949,0.0929341665499078,0.890002716037465,6.58007838128008
"AGAGG","CCTCT",129,17,9086,10,9093,1.70125057638092,0.2474362010595,0.735226748526651,4.15991176841732
"AGAGC","GCTCT",130,9,9094,15,9088,0.599624320983094,0.307135004120099,0.231244791218257,1.46339838466665
"AGACA","TGTCT",131,21,9082,21,9082,1,1,0.519232487712172,1.92591955177183
"AGACT","AGTCT",132,13,9090,17,9086,0.764382869466157,0.584351927805724,0.341193483653669,1.67225147992497
"AGACG","CGTCT",133,5,9098,3,9100,1.66697703152932,0.726502405496422,0.32423202251113,10.7397821619525
"AGACC","GGTCT",134,12,9091,15,9088,0.799747464805666,0.700894391535157,0.341632855594144,1.83125850818759
"AGTAA","TTACT",135,5,9098,11,9092,0.454266610608956,0.209912114914493,0.123684130292175,1.41888147103219
"AGTAG","CTACT",136,13,9090,17,9086,0.764382869466157,0.584351927805724,0.341193483653669,1.67225147992497
"AGTAC","GTACT",137,11,9092,10,9093,1.10010269029034,1,0.423923079823662,2.89102134758451
"AGTTA","TAACT",138,10,9093,9,9094,1.11122518829617,1,0.405586049074724,3.09226239874556
"AGTTG","CAACT",139,19,9084,24,9079,0.791242885239187,0.541903414019864,0.409475098812109,1.50817748482444
"AGTTC","GAACT",140,8,9095,23,9080,0.347251805648301,0.0106089625617599,0.134207950625916,0.804726694899225
"AGTGA","TCACT",141,17,9086,25,9078,0.679418961852419,0.279399076948649,0.344060492604357,1.31033700081072
"AGTGT","ACACT",142,23,9080,18,9085,1.27846098653905,0.532244130275409,0.659598762629747,2.51567068283423
"AGTGG","CCACT",143,24,9079,20,9083,1.20051500512102,0.651191279432409,0.634995188766086,2.2932889278619
"AGTGC","GCACT",144,20,9083,23,9080,0.869285345339182,0.760515253170531,0.452490198500591,1.65655526423636
"AGTCA","TGACT",145,9,9094,15,9088,0.599624320983094,0.307135004120099,0.231244791218257,1.46339838466665
"AGTCG","CGACT",146,5,9098,2,9101,2.50084616874026,0.453034865673558,0.409274590296203,26.2776553349216
"AGTCC","GGACT",147,21,9082,6,9097,3.50523272697088,0.00588905432524806,1.3677335982445,10.6213865666025
"AGGAA","TTCCT",148,40,9063,21,9082,1.90867792831115,0.0202062866306939,1.09792949155486,3.41020293205641
"AGGAG","CTCCT",149,24,9079,41,9062,0.58429033387828,0.0459657140332458,0.337380085728738,0.99114407692101
"AGGAC","GTCCT",150,9,9094,13,9090,0.692020307924452,0.523212821768671,0.260921794045473,1.75094740840722
"AGGTA","TACCT",151,23,9080,16,9087,1.43857300636546,0.336263108331472,0.727101882560745,2.91559878480154
"AGGTG","CACCT",152,36,9067,33,9070,1.09124447267195,0.809593142156017,0.660716205700562,1.80780102110257
"AGGTC","GACCT",153,14,9089,13,9090,1.07700480939013,1,0.469258949001804,2.4900101865724
"AGGGA","TCCCT",154,27,9076,17,9086,1.58993600599151,0.173650050898293,0.834938313560643,3.11126399658132
"AGGGT","ACCCT",155,14,9089,21,9082,0.666171428264546,0.310036932271442,0.313108796794574,1.37459630238196
"AGGGG","CCCCT",156,44,9059,36,9067,1.22328595225845,0.433026791240464,0.768764565596981,1.95795183178939
"AGGGC","GCCCT",157,16,9087,22,9081,0.726808019445995,0.417202752745323,0.356537325442546,1.44983402571799
"AGGCA","TGCCT",158,27,9076,29,9074,0.930862731032162,0.893689472654035,0.529775156110155,1.63048701243562
"AGGCT","AGCCT",159,25,9078,51,9052,0.488813337751508,0.00376399689746934,0.289949938220514,0.80442155789828
"AGGCG","CGCCT",160,4,9099,8,9095,0.499801343104491,0.387535945997583,0.110094183306125,1.86638438810694
"AGGCC","GGCCT",161,29,9074,22,9081,1.3191745968691,0.400398497052376,0.73137110962309,2.4114783538169
"AGCAA","TTGCT",162,16,9087,24,9079,0.666097959189254,0.267659252975092,0.330414516035897,1.30794686172001
"AGCAG","CTGCT",163,17,9086,27,9076,0.628956131713227,0.173650050898293,0.321412776639593,1.19769327117765
"AGCAC","GTGCT",164,12,9091,13,9090,0.923002666655874,1,0.384718558167818,2.19532119226596
"AGCTA","TAGCT",165,14,9089,16,9087,0.874814465904986,0.855416383016044,0.395199907281577,1.91422771479839
"AGCTG","CAGCT",166,22,9081,37,9066,0.593632806007522,0.0670022833315898,0.333276908523808,1.03403428933978
"AGCTC","GAGCT",167,22,9081,13,9090,1.69392638761352,0.175049651890492,0.815848174046541,3.66286349066499
"AGCGA","TCGCT",168,32,9071,36,9067,0.888503127607326,0.715790161864893,0.533735117937002,1.47303056350136
"AGCGT","ACGCT",169,26,9077,30,9073,0.866292262477965,0.688422797386107,0.491697086747129,1.51680557011341
"AGCGG","CCGCT",170,36,9067,38,9065,0.947143137264232,0.907372183879085,0.582839350062632,1.53654812783472
"AGCGC","GCGCT",171,24,9079,31,9072,0.773609624813016,0.418047275145674,0.434090743997355,1.36306733576261
"AGCCA","TGGCT",172,14,9089,22,9081,0.635822770859407,0.242517291559183,0.300644325285147,1.30054177865919
"AGCCG","CGGCT",173,2,9101,4,9099,0.499911261089932,0.687448494670604,0.0452109529473979,3.48913485123112
"AGCCC","GGGCT",174,21,9082,17,9086,1.23582151592984,0.626739730306876,0.620512356609323,2.49629482374279
"ACAAA","TTTGT",175,25,9078,29,9074,0.861696901621098,0.68304179720212,0.483549467416635,1.52530167017637
"ACAAG","CTTGT",176,17,9086,12,9091,1.41741305417412,0.45789693014182,0.637553172139548,3.25471420743511
"ACAAC","GTTGT",177,6,9097,2,9101,3.00133537125473,0.28895434177984,0.536464105616395,30.4147009567309
"ACATA","TATGT",178,31,9072,26,9077,1.1929517570609,0.596062972028363,0.684846482015456,2.09369789405596
"ACATG","CATGT",179,36,9067,32,9071,1.12548844109635,0.715790161864893,0.678872539903735,1.87358853932117
"ACATC","GATGT",180,24,9079,25,9078,0.959885038797572,1,0.524478262839315,1.75315723916588
"ACAGA","TCTGT",181,15,9088,22,9081,0.681310614983581,0.323514105245312,0.32850321142045,1.37530364624804
"ACAGT","ACTGT",182,24,9079,21,9082,1.14322561332729,0.765708544648256,0.609313641039316,2.16096555956249
"ACAGG","CCTGT",183,22,9081,18,9085,1.22274503964821,0.635453613152646,0.625545638602842,2.42057330104677
"ACAGC","GCTGT",184,18,9085,21,9082,0.856867886257193,0.74899654491562,0.430064080282602,1.6903109103568
"ACACA","TGTGT",185,28,9075,29,9074,0.96540411802053,1,0.552986231975538,1.68302037897617
"ACACG","CGTGT",186,3,9100,5,9098,0.599888289452061,0.726502405496422,0.0931117582200756,3.08421109135102
"ACACC","GGTGT",187,30,9073,21,9082,1.42995408819236,0.261766673950576,0.791219012020984,2.62998026390472
"ACTAA","TTAGT",188,4,9099,3,9100,1.33345450041663,1,0.225521347129113,9.10396346022463
"ACTAG","CTAGT",189,11,9092,11,9092,1,1,0.392921931127261,2.5450348295171
"ACTAC","GTAGT",190,3,9100,6,9097,0.499856308136592,0.507704329893558,0.0808621038230456,2.34138801159988
"ACTTA","TAAGT",191,8,9095,10,9093,0.799835532250101,0.814437667429327,0.274189377653531,2.25195868595506
"ACTTG","CAAGT",192,15,9088,13,9090,1.15409009466162,0.85043896908821,0.511954816533543,2.63713000363971
"ACTTC","GAAGT",193,16,9087,9,9094,1.77908133262247,0.229201727988135,0.739852181108327,4.57065064358191
"ACTGA","TCAGT",194,20,9083,19,9084,1.05276364116808,1,0.532954816860747,2.0864290493527
"ACTGG","CCAGT",195,24,9079,26,9077,0.922900674586202,0.887570339991892,0.506868386403627,1.67374941119134
"ACTGC","GCAGT",196,34,9069,23,9080,1.48001477406358,0.184161740458793,0.845987636538537,2.63372078993916
"ACTCA","TGAGT",197,15,9088,9,9094,1.66771087330228,0.307135004120099,0.683340921021854,4.32442172959548
"ACTCG","CGAGT",198,1,9102,2,9101,0.499966201968498,1,0.00847881811372546,9.6059426641775
"ACTCC","GGAGT",199,17,9086,23,9080,0.738657235851794,0.42908008910775,0.370146033588062,1.44574823111906
"ACGAA","TTCGT",200,20,9083,10,9093,2.00211704242662,0.0984604665508966,0.893861577127802,4.79258083010112
"ACGAG","CTCGT",201,20,9083,18,9085,1.11134792690602,0.871280279443908,0.557783038918198,2.22997921421629
"ACGAC","GTCGT",202,9,9094,7,9096,1.28597598250054,0.803533037518017,0.425962122922778,4.06509636365907
"ACGTA","TACGT",203,34,9069,32,9071,1.06275726308121,0.901980674896595,0.635657067585548,1.78058043328785
"ACGTG","CACGT",204,48,9055,39,9064,1.23197616243669,0.390053326321008,0.789732763720729,1.93256797649788
"ACGTC","GACGT",205,26,9077,27,9076,0.962849033863503,1,0.539404423203542,1.71569724855249
"ACGGA","TCCGT",206,28,9075,30,9073,0.933101749405512,0.895516656122624,0.536708073536995,1.61771986487319
"ACGGT","ACCGT",207,29,9074,26,9077,1.11574621221039,0.787390658676001,0.633750917307982,1.97381193631235
"ACGGG","CCCGT",208,41,9062,44,9059,0.931543538016044,0.828026094341691,0.592970161495708,1.46055673868664
"ACGGC","GCCGT",209,24,9079,21,9082,1.14322561332729,0.765708544648256,0.609313641039316,2.16096555956249
"ACGCA","TGCGT",210,33,9070,24,9079,1.37633497435586,0.288485755419575,0.788450119923652,2.43577429430656
"ACGCG","CGCGT",211,7,9096,6,9097,1.16678396323267,1,0.335611867247715,4.20420948338389
"ACGCC","GGCGT",212,37,9066,40,9063,0.924722393354096,0.819515809220546,0.574465713096075,1.48493284598601
"ACCAA","TTGGT",213,16,9087,19,9084,0.841836214318235,0.735631836368514,0.404632204031781,1.72952212037358
"ACCAG","CTGGT",214,17,9086,18,9085,0.944322483324706,1,0.456978798135152,1.94327908450553
"ACCAC","GTGGT",215,10,9093,14,9089,0.713987619374859,0.540986279282057,0.283578710969957,1.7292660215417
"ACCTA","TAGGT",216,13,9090,11,9092,1.18206602917103,0.838713402301035,0.488369283085024,2.91556261839746
"ACCTG","CAGGT",217,28,9075,26,9077,1.07712385735132,0.891762517144146,0.60826237137623,1.91386208820689
"ACCTC","GAGGT",218,22,9081,24,9079,0.916486448611852,0.882847821923397,0.489539756032991,1.70761573472709
"ACCGA","TCGGT",219,17,9086,20,9083,0.849727843515849,0.742574727266523,0.417754501418296,1.7091484752283
"ACCGG","CCGGT",220,24,9079,26,9077,0.922900674586202,0.887570339991892,0.506868386403627,1.67374941119134
"ACCGC","GCGGT",221,34,9069,31,9072,1.0971163876714,0.803972155583632,0.653702379208361,1.84752645134928
"ACCCA","TGGGT",222,17,9086,24,9079,0.707804051161204,0.348343013411321,0.356625038623983,1.37480020832645
"ACCCG","CGGGT",223,8,9095,4,9099,2.00079494342402,0.387535945997583,0.535795309032934,9.0831320054342
"ACCCC","GGGGT",224,20,9083,21,9082,0.952262881131125,1,0.489393962543372,1.84739811341661
"TAAAA","TTTTA",225,21,9082,26,9077,0.80725866934753,0.559554296319907,0.431510374811547,1.49320044966146
"TAAAG","CTTTA",226,3,9100,9,9094,0.333111886248253,0.145863317520659,0.0579949790362593,1.33543252454608
"TAAAC","GTTTA",227,2,9101,6,9097,0.33318502796822,0.28895434177984,0.0328788371591303,1.8640576126729
"TAATA","TATTA",228,22,9081,21,9082,1.04774760665831,1,0.549168018820975,2.00420043569935
"TAATG","CATTA",229,6,9097,10,9093,0.599756348737762,0.45429683625277,0.179080077546589,1.82225274364554
"TAATC","GATTA",230,5,9098,9,9094,0.555332190969501,0.423768900972334,0.146143198610397,1.84600837646288
"TAAGA","TCTTA",231,11,9092,12,9091,0.91658771175157,1,0.366256568177763,2.2703413499915
"TAAGG","CCTTA",232,3,9100,8,9095,0.374792217779288,0.2264208603463,0.0640222120850942,1.56222092945722
"TAAGC","GCTTA",233,8,9095,3,9100,2.6681450482755,0.2264208603463,0.640114327713842,15.6195790090924
"TAACA","TGTTA",234,10,9093,17,9086,0.587802886819475,0.2474362010595,0.240389713933875,1.3601246173428
"TAACG","CGTTA",235,1,9102,2,9101,0.499966201968498,1,0.00847881811372546,9.6059426641775
"TAACC","GGTTA",236,6,9097,9,9094,0.666464981570414,0.607087674306316,0.195120043065507,2.09757341035805
"TATAA","TTATA",237,22,9081,27,9076,0.814376784767878,0.567647761215545,0.441679878431411,1.48610849138223
"TATAG","CTATA",238,23,9080,28,9075,0.820986457461823,0.575310711602793,0.451326947754651,1.47927025218403
"TATAC","GTATA",239,15,9088,16,9087,0.937374136370156,1,0.431402973940834,2.02588424872968
"TATTG","CAATA",240,21,9082,28,9075,0.749436257713215,0.390961846151925,0.404257830870248,1.36923024868878
"TATTC","GAATA",241,12,9091,12,9091,1,1,0.410684920622411,2.43495670229249
"TATGA","TCATA",242,17,9086,10,9093,1.70125057638092,0.2474362010595,0.735226748526651,4.15991176841732
"TATGG","CCATA",243,22,9081,32,9071,0.686760314720659,0.219642350519317,0.379869739480696,1.22026913747244
"TATGC","GCATA",244,14,9089,17,9086,0.823267662093941,0.719869242093586,0.375462148346974,1.77580083547209
"TATCA","TGATA",245,12,9091,6,9097,2.00123525530468,0.237651049189217,0.694774102343711,6.50196678168091
"TATCG","CGATA",246,0,9103,0,9103,0,1,0,Inf
"TATCC","GGATA",247,5,9098,8,9095,0.624813455612238,0.580916554682777,0.16075973070602,2.16715455860572
"TAGAA","TTCTA",248,17,9086,18,9085,0.944322483324706,1,0.456978798135152,1.94327908450553
"TAGAG","CTCTA",249,16,9087,15,9088,1.06680989073622,1,0.493611617064028,2.31801832719203
"TAGAC","GTCTA",250,3,9100,13,9090,0.230544724121928,0.021215864069089,0.0421255491707094,0.839304336191143
"TAGTA","TACTA",251,13,9090,13,9090,1,1,0.426829799595667,2.34285422654954
"TAGTG","CACTA",252,8,9095,10,9093,0.799835532250101,0.814437667429327,0.274189377653531,2.25195868595506
"TAGTC","GACTA",253,8,9095,12,9091,0.666391641650624,0.503206958328941,0.236154160606297,1.77376932970111
"TAGGA","TCCTA",254,10,9093,9,9094,1.11122518829617,1,0.405586049074724,3.09226239874556
"TAGGG","CCCTA",255,9,9094,8,9095,1.12511587675935,1,0.385115138930314,3.35282581761793
"TAGGC","GCCTA",256,3,9100,6,9097,0.499856308136592,0.507704329893558,0.0808621038230456,2.34138801159988
"TAGCA","TGCTA",257,11,9092,7,9096,1.57207241637109,0.480462193617796,0.556245712313308,4.78450709840534
"TAGCG","CGCTA",258,4,9099,2,9101,2.00035501864821,0.687448494670604,0.286603998594997,22.1185340013399
"TAGCC","GGCTA",259,7,9096,4,9099,1.75051379854903,0.548704169869726,0.444840685268069,8.15755645202303
"TACAA","TTGTA",260,26,9077,22,9081,1.18232677145761,0.665048209211947,0.643706006581315,2.19035327853978
"TACAG","CTGTA",261,42,9061,36,9067,1.16742817636819,0.570757430795621,0.729347831475878,1.87727472602254
"TACAC","GTGTA",262,26,9077,20,9083,1.30083688017252,0.460821223155443,0.697883703847631,2.45957326607767
"TACTG","CAGTA",263,23,9080,18,9085,1.27846098653905,0.532244130275409,0.659598762629747,2.51567068283423
"TACTC","GAGTA",264,14,9089,11,9092,1.2731274369518,0.689833465963528,0.536606898037116,3.10079513600379
"TACGA","TCGTA",265,12,9091,17,9086,0.705510646353308,0.45789693014182,0.307246638649743,1.56849662694662
"TACGG","CCGTA",266,17,9086,24,9079,0.707804051161204,0.348343013411321,0.356625038623983,1.37480020832645
"TACGC","GCGTA",267,16,9087,21,9082,0.761499190060691,0.510942979549176,0.371235292454539,1.53270387267849
"TACCA","TGGTA",268,19,9084,19,9084,1,1,0.500675433969419,1.9973019088871
"TACCG","CGGTA",269,1,9102,3,9100,0.333258154020968,0.624958799131942,0.00635252127696608,4.15152575140984
"TACCC","GGGTA",270,14,9089,17,9086,0.823267662093941,0.719869242093586,0.375462148346974,1.77580083547209
"TTAAA","TTTAA",271,53,9050,49,9054,1.08207803862236,0.765964837538524,0.71897909828118,1.63147624579715
"TTAAG","CTTAA",272,10,9093,11,9092,0.909006049004457,1,0.34589851812596,2.3589185104429
"TTAAC","GTTAA",273,4,9099,5,9098,0.799923522273531,1,0.158674044728852,3.71783711408976
"TTATG","CATAA",274,18,9085,13,9090,1.38534720761992,0.472749433686308,0.641292684702626,3.07744945304592
"TTATC","GATAA",275,7,9096,10,9093,0.699785905283495,0.628895737534032,0.225970476818357,2.03767895343457
"TTAGA","TCTAA",276,4,9099,9,9094,0.444191782069917,0.266673065569336,0.0999188693852831,1.59232215902861
"TTAGG","CCTAA",277,11,9092,9,9094,1.22247556487503,0.823706091188451,0.460294710225837,3.33941214401772
"TTAGC","GCTAA",278,12,9091,8,9095,1.50061906167227,0.503206958328941,0.5637711641843,4.23452204878636
"TTACA","TGTAA",279,12,9091,7,9096,1.71516823977028,0.35902992125567,0.622241854805975,5.14454904318651
"TTACG","CGTAA",280,3,9100,2,9101,1.50012398961843,1,0.171799971603866,17.9581353107836
"TTACC","GGTAA",281,4,9099,4,9099,1,1,0.186183223654219,5.37105320432741
"TTTAG","CTAAA",282,25,9078,10,9093,2.50414753046244,0.0165712641854917,1.1606596624375,5.84469000840903
"TTTAC","GTAAA",283,14,9089,11,9092,1.2731274369518,0.689833465963528,0.536606898037116,3.10079513600379
"TTTTG","CAAAA",284,31,9072,30,9073,1.0334534584935,1,0.604560888182507,1.76892133776742
"TTTTC","GAAAA",285,13,9090,14,9089,0.92850096051685,1,0.401604782740484,2.13101956207159
"TTTGA","TCAAA",286,18,9085,13,9090,1.38534720761992,0.472749433686308,0.641292684702626,3.07744945304592
"TTTGG","CCAAA",287,26,9077,16,9087,1.62673769468625,0.163662497753961,0.839720953823626,3.24816893439755
"TTTGC","GCAAA",288,12,9091,11,9092,1.09100306187722,1,0.440462400072018,2.73032646206265
"TTTCA","TGAAA",289,17,9086,18,9085,0.944322483324706,1,0.456978798135152,1.94327908450553
"TTTCG","CGAAA",290,4,9099,4,9099,1,1,0.186183223654219,5.37105320432741
"TTTCC","GGAAA",291,19,9084,27,9076,0.703100626934725,0.301382013888766,0.369211191220336,1.31329348466455
"TTGAA","TTCAA",292,20,9083,21,9082,0.952262881131125,1,0.489393962543372,1.84739811341661
"TTGAG","CTCAA",293,12,9091,15,9088,0.799747464805666,0.700894391535157,0.341632855594144,1.83125850818759
"TTGAC","GTCAA",294,9,9094,9,9094,1,1,0.351521380814824,2.84477717310397
"TTGTG","CACAA",295,16,9087,18,9085,0.888699442788512,0.864039230132379,0.423688276546366,1.84752950125074
"TTGTC","GACAA",296,18,9085,13,9090,1.38534720761992,0.472749433686308,0.641292684702626,3.07744945304592
"TTGGA","TCCAA",297,17,9086,14,9089,1.21467178421238,0.719869242093586,0.56312621326938,2.66338432356669
"TTGGG","CCCAA",298,18,9085,22,9081,0.817831982608331,0.635453613152646,0.41312527059914,1.59860438358023
"TTGGC","GCCAA",299,7,9096,8,9095,0.874910802592527,1,0.269936684312804,2.7622668333999
"TTGCA","TGCAA",300,17,9086,24,9079,0.707804051161204,0.348343013411321,0.356625038623983,1.37480020832645
"TTGCG","CGCAA",301,1,9102,1,9102,1,1,0.0127453123242512,78.4602192993924
"TTGCC","GGCAA",302,20,9083,20,9083,1,1,0.510232275208163,1.95989169754505
"TTCAG","CTGAA",303,20,9083,24,9079,0.832975844312075,0.651191279432409,0.43605495489499,1.57481508158068
"TTCAC","GTGAA",304,11,9092,23,9080,0.477650750094508,0.0573813168842127,0.210070059709185,1.02068621753906
"TTCTG","CAGAA",305,22,9081,31,9072,0.708990456850675,0.270978769253679,0.390806821991996,1.26570112659155
"TTCTC","GAGAA",306,19,9084,33,9070,0.574890922918504,0.0699947672549609,0.308598364591562,1.04197246231952
"TTCGA","TCGAA",307,19,9084,12,9091,1.58450474958992,0.280629716606248,0.729763038202091,3.58156652372967
"TTCGG","CCGAA",308,18,9085,30,9073,0.599227714614287,0.110932024321564,0.314308126977789,1.11138518274725
"TTCGC","GCGAA",309,18,9085,13,9090,1.38534720761992,0.472749433686308,0.641292684702626,3.07744945304592
"TTCCA","TGGAA",310,14,9089,14,9089,1,1,0.44162259112267,2.26437691391161
"TTCCG","CGGAA",311,7,9096,1,9102,7.00394904140225,0.0702524253039871,0.899535792614791,315.276050480557
"TTCCC","GGGAA",312,22,9081,31,9072,0.708990456850675,0.270978769253679,0.390806821991996,1.26570112659155
"TGAAG","CTTCA",313,7,9096,10,9093,0.699785905283495,0.628895737534032,0.225970476818357,2.03767895343457
"TGAAC","GTTCA",314,5,9098,3,9100,1.66697703152932,0.726502405496422,0.32423202251113,10.7397821619525
"TGATG","CATCA",315,22,9081,17,9086,1.2948083069311,0.521948174927953,0.656051601001098,2.59900785486351
"TGATC","GATCA",316,17,9086,8,9095,2.12700962985505,0.107511325406886,0.869454906061428,5.69783839510595
"TGAGA","TCTCA",317,11,9092,8,9095,1.37542442841286,0.647431568115721,0.503656019553513,3.94102109804424
"TGAGG","CCTCA",318,12,9091,14,9089,0.85696234979669,0.844908203018229,0.361865427428945,1.99736801938107
"TGAGC","GCTCA",319,16,9087,14,9089,1.14309952449804,0.855416383016044,0.522403887619673,2.53036496612209
"TGACA","TGTCA",320,9,9094,11,9092,0.818012260312318,0.823706091188451,0.299453902924626,2.17252116477586
"TGACG","CGTCA",321,3,9100,0,9103,Inf,0.249958802526778,0.413255617110493,Inf
"TGACC","GGTCA",322,15,9088,12,9091,1.25039471083912,0.700894391535157,0.546072548211505,2.92711893374795
"TGTAG","CTACA",323,14,9089,15,9088,0.933204921039101,1,0.417098786067423,2.07510082343737
"TGTAC","GTACA",324,11,9092,8,9095,1.37542442841286,0.647431568115721,0.503656019553513,3.94102109804424
"TGTTG","CAACA",325,25,9078,20,9083,1.25067052004002,0.550988672368543,0.666420291486435,2.37644455008388
"TGTTC","GAACA",326,16,9087,12,9091,1.33389481592203,0.571289090989177,0.591702954124506,3.09088264507584
"TGTGA","TCACA",327,15,9088,15,9088,1,1,0.455242245947052,2.1966326915018
"TGTGG","CCACA",328,21,9082,29,9074,0.723515739044715,0.321568636857235,0.391871201313095,1.31446698336274
"TGTGC","GCACA",329,17,9086,15,9088,1.13357435254316,0.859926914561019,0.532171255739395,2.43923731711704
"TGTCG","CGACA",330,2,9101,2,9101,1,1,0.0724924012561371,13.7945492585727
"TGTCC","GGACA",331,13,9090,14,9089,0.92850096051685,1,0.401604782740484,2.13101956207159
"TGGAG","CTCCA",332,26,9077,18,9085,1.44568162927331,0.290629549500817,0.76214741556082,2.80132150994861
"TGGAC","GTCCA",333,7,9096,12,9091,0.583033184041429,0.35902992125567,0.194380497028094,1.60709214958196
"TGGTG","CACCA",334,28,9075,23,9080,1.21804688848537,0.575310711602793,0.676008997357702,2.21568865979529
"TGGTC","GACCA",335,18,9085,14,9089,1.28625926357568,0.596288942857617,0.604011089101972,2.79633319123226
"TGGGA","TCCCA",336,23,9080,32,9071,0.718053532147876,0.279880282142469,0.400915016466785,1.26716389957433
"TGGGG","CCCCA",337,27,9076,29,9074,0.930862731032162,0.893689472654035,0.529775156110155,1.63048701243562
"TGGGC","GCCCA",338,20,9083,23,9080,0.869285345339182,0.760515253170531,0.452490198500591,1.65655526423636
"TGGCA","TGCCA",339,25,9078,27,9076,0.925751344697274,0.889726375164218,0.514862546390265,1.65842000972501
"TGGCG","CGCCA",340,6,9097,2,9101,3.00133537125473,0.28895434177984,0.536464105616395,30.4147009567309
"TGGCC","GGCCA",341,18,9085,20,9083,0.89980822008099,0.871280279443908,0.448434673123821,1.7928117748784
"TGCAG","CTGCA",342,28,9075,30,9073,0.933101749405512,0.895516656122624,0.536708073536995,1.61771986487319
"TGCAC","GTGCA",343,19,9084,19,9084,1,1,0.500675433969419,1.9973019088871
"TGCTG","CAGCA",344,24,9079,29,9074,0.827140285495659,0.58257984631083,0.460504818092012,1.47267629852429
"TGCTC","GAGCA",345,17,9086,15,9088,1.13357435254316,0.859926914561019,0.532171255739395,2.43923731711704
"TGCGA","TCGCA",346,21,9082,28,9075,0.749436257713215,0.390961846151925,0.404257830870248,1.36923024868878
"TGCGG","CCGCA",347,38,9065,35,9068,1.08604384610449,0.814754583685834,0.667276278522941,1.7723953595116
"TGCGC","GCGCA",348,33,9070,31,9072,1.06477527999886,0.900478171296306,0.63155016834952,1.79932295204131
"TGCCG","CGGCA",349,3,9100,4,9099,0.749931849708823,1,0.109842268630472,4.43417003636242
"TGCCC","GGGCA",350,24,9079,26,9077,0.922900674586202,0.887570339991892,0.506868386403627,1.67374941119134
"TCAAG","CTTGA",351,21,9082,15,9088,1.40089323614544,0.404564429268604,0.687894801613136,2.92329084767783
"TCAAC","GTTGA",352,8,9095,4,9099,2.00079494342402,0.387535945997583,0.535795309032934,9.0831320054342
"TCATG","CATGA",353,26,9077,35,9068,0.742135311133391,0.304863707270368,0.428613528753235,1.26982242810241
"TCATC","GATGA",354,19,9084,16,9087,1.18787952215842,0.735631836368514,0.578194397296289,2.47138015717963
"TCAGA","TCTGA",355,13,9090,22,9081,0.590344425420306,0.175049651890492,0.273010447304017,1.22571825470918
"TCAGG","CCTGA",356,29,9074,20,9083,1.45140175482893,0.252228912749185,0.792632451383802,2.70893616996888
"TCAGC","GCTGA",357,25,9078,20,9083,1.25067052004002,0.550988672368543,0.666420291486435,2.37644455008388
"TCACG","CGTGA",358,6,9097,4,9099,1.50028890481053,0.753838638110759,0.355644115795638,7.23104100076569
"TCACC","GGTGA",359,18,9085,16,9087,1.12523981883262,0.864039230132379,0.541263346172833,2.36022579654872
"TCTAG","CTAGA",360,8,9095,13,9090,0.615066123203628,0.383033001055819,0.220854921320003,1.60182222145545
"TCTAC","GTAGA",361,10,9093,5,9098,2.00101505094431,0.301556385416347,0.622881097935499,7.46412263909869
"TCTTG","CAAGA",362,25,9078,20,9083,1.25067052004002,0.550988672368543,0.666420291486435,2.37644455008388
"TCTTC","GAAGA",363,23,9080,14,9089,1.64443140900434,0.187292191318641,0.810366333024164,3.45849806992504
"TCTGG","CCAGA",364,25,9078,15,9088,1.66844633160925,0.153407573536347,0.845328835077401,3.40646614761814
"TCTGC","GCAGA",365,35,9068,12,9091,2.92406586525309,0.00107290995766362,1.48084993419784,6.1903527072441
"TCTCG","CGAGA",366,6,9097,2,9101,3.00133537125473,0.28895434177984,0.536464105616395,30.4147009567309
"TCTCC","GGAGA",367,23,9080,13,9090,1.77111397707872,0.132115699374053,0.859755320203248,3.80922905134661
"TCGAG","CTCGA",368,23,9080,21,9082,1.09545716077057,0.880251033931331,0.579164394536525,2.08265383369617
"TCGAC","GTCGA",369,10,9093,11,9092,0.909006049004457,1,0.34589851812596,2.3589185104429
"TCGTG","CACGA",370,31,9072,30,9073,1.0334534584935,1,0.604560888182507,1.76892133776742
"TCGTC","GACGA",371,18,9085,27,9076,0.666024457771767,0.232114036627569,0.345251910085425,1.25553085480021
"TCGGA","TCCGA",372,19,9084,23,9080,0.825733130469344,0.643583339206221,0.424929388115048,1.58637281251916
"TCGGG","CCCGA",373,34,9069,34,9069,1,1,0.602500131755469,1.659750674388
"TCGGC","GCCGA",374,33,9070,40,9063,0.824373305139465,0.481905716826774,0.503271971630078,1.34200207745675
"TCGCG","CGCGA",375,6,9097,10,9093,0.599756348737762,0.45429683625277,0.179080077546589,1.82225274364554
"TCGCC","GGCGA",376,25,9078,34,9069,0.734580259776247,0.296809128990141,0.419776631183882,1.26918514160381
"TCCAG","CTGGA",377,14,9089,13,9090,1.07700480939013,1,0.469258949001804,2.4900101865724
"TCCAC","GTGGA",378,12,9091,8,9095,1.50061906167227,0.503206958328941,0.5637711641843,4.23452204878636
"TCCTG","CAGGA",379,26,9077,15,9088,1.73537168895478,0.116863136759974,0.884865643835948,3.52695203811765
"TCCTC","GAGGA",380,25,9078,35,9068,0.7135150577779,0.244280684139182,0.408998159978399,1.22776830543336
"TCCGG","CCGGA",381,29,9074,27,9076,1.07427224945527,0.893689472654035,0.613313686262487,1.8875932335945
"TCCGC","GCGGA",382,36,9067,36,9067,1,1,0.611658414399051,1.63489944135321
"TCCCG","CGGGA",383,8,9095,5,9098,1.60047769621115,0.580916554682777,0.461434555292342,6.22046326905517
"TCCCC","GGGGA",384,17,9086,17,9086,1,1,0.479518770171048,2.08542410059004
"GAAAG","CTTTC",385,11,9092,9,9094,1.22247556487503,0.823706091188451,0.460294710225837,3.33941214401772
"GAAAC","GTTTC",386,6,9097,10,9093,0.599756348737762,0.45429683625277,0.179080077546589,1.82225274364554
"GAATG","CATTC",387,15,9088,13,9090,1.15409009466162,0.85043896908821,0.511954816533543,2.63713000363971
"GAATC","GATTC",388,13,9090,3,9100,4.33755317458981,0.021215864069089,1.19146292575839,23.7385629311941
"GAAGG","CCTTC",389,20,9083,10,9093,2.00211704242662,0.0984604665508966,0.893861577127802,4.79258083010112
"GAAGC","GCTTC",390,18,9085,11,9092,1.63757098575258,0.264548353961253,0.731980534158997,3.83915417664765
"GAACG","CGTTC",391,2,9101,1,9102,2.00013520126508,1,0.10410222452495,117.940966133146
"GAACC","GGTTC",392,16,9087,11,9092,1.45530906403981,0.441726559764685,0.63387789486988,3.47032811809851
"GATAG","CTATC",393,18,9085,16,9087,1.12523981883262,0.864039230132379,0.541263346172833,2.36022579654872
"GATAC","GTATC",394,11,9092,5,9098,2.20135043308482,0.209912114914493,0.704780505219039,8.08511162780329
"GATTG","CAATC",395,16,9087,27,9076,0.591895621457195,0.125842203764161,0.297724778252812,1.13969995256389
"GATGG","CCATC",396,27,9076,29,9074,0.930862731032162,0.893689472654035,0.529775156110155,1.63048701243562
"GATGC","GCATC",397,17,9086,16,9087,1.06263971162027,1,0.504479025230793,2.24895870953291
"GATCG","CGATC",398,3,9100,1,9102,3.00067677869155,0.624958799131942,0.240875297391665,157.417811983715
"GATCC","GGATC",399,11,9092,12,9091,0.91658771175157,1,0.366256568177763,2.2703413499915
"GAGAG","CTCTC",400,24,9079,28,9075,0.856773297871826,0.677370937039537,0.474981543782251,1.53421211831873
"GAGAC","GTCTC",401,16,9087,20,9083,0.799659319838001,0.617368377149038,0.387205664889817,1.62534208731679
"GAGTG","CACTC",402,26,9077,17,9086,1.5308844053707,0.221505300326598,0.799029001372459,3.00888252013882
"GAGTC","GACTC",403,14,9089,14,9089,1,1,0.44162259112267,2.26437691391161
"GAGGG","CCCTC",404,24,9079,41,9062,0.58429033387828,0.0459657140332458,0.337380085728738,0.99114407692101
"GAGGC","GCCTC",405,23,9080,29,9074,0.792591263257363,0.487830518371298,0.437565769650269,1.4199929753941
"GAGCG","CGCTC",406,7,9096,7,9096,1,1,0.299178064781728,3.34249103700023
"GAGCC","GGCTC",407,14,9089,31,9072,0.450789136761984,0.0159653659121192,0.221428307592516,0.873495026529416
"GACAG","CTGTC",408,26,9077,28,9075,0.928398338942218,0.891762517144146,0.522503688307502,1.64402739189248
"GACAC","GTGTC",409,8,9095,13,9090,0.615066123203628,0.383033001055819,0.220854921320003,1.60182222145545
"GACTG","CAGTC",410,19,9084,24,9079,0.791242885239187,0.541903414019864,0.409475098812109,1.50817748482444
"GACGG","CCGTC",411,46,9057,51,9052,0.901470411300423,0.684058811275022,0.591076927360922,1.37151581611486
"GACGC","GCGTC",412,37,9066,14,9089,2.64956629965855,0.00174364682190077,1.3978147368556,5.30853629737299
"GACCG","CGGTC",413,4,9099,1,9102,4.00077739911038,0.37493133188657,0.395839784205067,196.890020001144
"GACCC","GGGTC",414,17,9086,19,9084,0.894545747778009,0.867808643731458,0.436457209480529,1.81882754377544
"GTAAG","CTTAC",415,11,9092,11,9092,1,1,0.392921931127261,2.5450348295171
"GTAAC","GTTAC",416,6,9097,3,9100,2.00057493267993,0.507704329893558,0.427097087302798,12.3667324088964
"GTATG","CATAC",417,14,9089,15,9088,0.933204921039101,1,0.417098786067423,2.07510082343737
"GTAGG","CCTAC",418,11,9092,12,9091,0.91658771175157,1,0.366256568177763,2.2703413499915
"GTAGC","GCTAC",419,7,9096,8,9095,0.874910802592527,1,0.269936684312804,2.7622668333999
"GTACG","CGTAC",420,0,9103,0,9103,0,1,0,Inf
"GTACC","GGTAC",421,5,9098,4,9099,1.25011950787222,1,0.268973591180266,6.30222795233357
"GTTAG","CTAAC",422,4,9099,8,9095,0.499801343104491,0.387535945997583,0.110094183306125,1.86638438810694
"GTTTG","CAAAC",423,7,9096,9,9094,0.777619499592465,0.803533037518017,0.245996628503016,2.34762657566454
"GTTGG","CCAAC",424,17,9086,13,9090,1.30824491226288,0.584351927805724,0.597996181797291,2.93088833142856
"GTTGC","GCAAC",425,15,9088,9,9094,1.66771087330228,0.307135004120099,0.683340921021854,4.32442172959548
"GTTCG","CGAAC",426,0,9103,0,9103,0,1,0,Inf
"GTTCC","GGAAC",427,6,9097,6,9097,1,1,0.267209126047638,3.74238715118479
"GTGAG","CTCAC",428,22,9081,13,9090,1.69392638761352,0.175049651890492,0.815848174046541,3.66286349066499
"GTGAC","GTCAC",429,6,9097,11,9092,0.545175738283021,0.332077605355886,0.165473176572188,1.60906571375347
"GTGTG","CACAC",430,16,9087,27,9076,0.591895621457195,0.125842203764161,0.297724778252812,1.13969995256389
"GTGGG","CCCAC",431,21,9082,29,9074,0.723515739044715,0.321568636857235,0.391871201313095,1.31446698336274
"GTGGC","GCCAC",432,9,9094,9,9094,1,1,0.351521380814824,2.84477717310397
"GTGCG","CGCAC",433,2,9101,3,9100,0.666611564724299,1,0.0556850687832559,5.82072273158339
"GTGCC","GGCAC",434,11,9092,11,9092,1,1,0.392921931127261,2.5450348295171
"GTCAG","CTGAC",435,3,9100,10,9093,0.299756907656627,0.0921700961656923,0.0530028801495784,1.16481448804509
"GTCTG","CAGAC",436,10,9093,8,9095,1.25025703370141,0.814437667429327,0.444057880029845,3.64711429945915
"GTCGG","CCGAC",437,9,9094,16,9087,0.562087849309251,0.229201727988135,0.218787231398706,1.35162134482318
"GTCGC","GCGAC",438,13,9090,8,9095,1.62584145390972,0.383033001055819,0.624289004488511,4.52785925721379
"GTCCG","CGGAC",439,4,9099,2,9101,2.00035501864821,0.687448494670604,0.286603998594997,22.1185340013399
"GTCCC","GGGAC",440,18,9085,16,9087,1.12523981883262,0.864039230132379,0.541263346172833,2.36022579654872
"GGAAG","CTTCC",441,21,9082,14,9089,1.50111511477626,0.310036932271442,0.727486315994852,3.19377804212919
"GGATG","CATCC",442,22,9081,16,9087,1.37587914998825,0.417202752745323,0.689734122845393,2.80475543131078
"GGAGG","CCTCC",443,20,9083,15,9088,1.33404184626238,0.499143961659908,0.648766849931467,2.80257554729944
"GGAGC","GCTCC",444,16,9087,17,9086,0.941052728469222,1,0.44465022668544,1.98224296747028
"GGACG","CGTCC",445,11,9092,3,9100,3.66934922304117,0.0572790940493458,0.968960061942413,20.4907592691126
"GGACC","GGTCC",446,10,9093,9,9094,1.11122518829617,1,0.405586049074724,3.09226239874556
"GGTAG","CTACC",447,11,9092,10,9093,1.10010269029034,1,0.423923079823662,2.89102134758451
"GGTTG","CAACC",448,20,9083,19,9084,1.05276364116808,1,0.532954816860747,2.0864290493527
"GGTGG","CCACC",449,45,9058,32,9071,1.40823580908304,0.170154584816709,0.87445997242225,2.29192757124211
"GGTGC","GCACC",450,23,9080,20,9083,1.15037024995494,0.760515253170531,0.603662323611632,2.2099926215279
"GGTCG","CGACC",451,2,9101,2,9101,1,1,0.0724924012561371,13.7945492585727
"GGGAG","CTCCC",452,31,9072,27,9076,1.14864480840647,0.693537783704216,0.662825035879883,2.00192563601845
"GGGTG","CACCC",453,30,9073,32,9071,0.937270479159316,0.898904031904419,0.549667433144999,1.59423654292847
"GGGGG","CCCCC",454,27,9076,27,9076,1,1,0.564017420630051,1.77299488175901
"GGGGC","GCCCC",455,22,9081,22,9081,1,1,0.52773509094875,1.89489010139959
"GGGCG","CGCCC",456,15,9088,11,9092,1.36420831949781,0.556912262773783,0.585123693444108,3.28549135722194
"GGGCC","GGCCC",457,28,9075,22,9081,1.27354876295285,0.479280476163348,0.702117854412093,2.33780986415677
"GGCAG","CTGCC",458,29,9074,31,9072,0.935253371113586,0.897252383537674,0.543366069023331,1.60565669932679
"GGCTG","CAGCC",459,28,9075,30,9073,0.933101749405512,0.895516656122624,0.536708073536995,1.61771986487319
"GGCGG","CCGCC",460,80,9023,96,9007,0.831865229236751,0.255821554134599,0.60954035058856,1.13273115486129
"GGCGC","GCGCC",461,43,9060,44,9059,0.977162225454525,1,0.626017056253064,1.52433392374893
"GGCCG","CGGCC",462,8,9095,11,9092,0.727048305484824,0.647431568115721,0.253741346499326,1.98548207740373
"GCAAG","CTTGC",463,12,9091,11,9092,1.09100306187722,1,0.440462400072018,2.73032646206265
"GCATG","CATGC",464,51,9052,40,9063,1.2765290977098,0.2932582383652,0.82640286767992,1.98410619676302
"GCAGG","CCTGC",465,40,9063,26,9077,1.54079328373301,0.108216366976412,0.916554056981022,2.63218382953215
"GCAGC","GCTGC",466,15,9088,23,9080,0.651618553159433,0.255376907063487,0.315968742269832,1.30477371259131
"GCACG","CGTGC",467,8,9095,7,9096,1.14297365747092,1,0.362021506361557,3.70457243536856
"GCTAG","CTAGC",468,11,9092,8,9095,1.37542442841286,0.647431568115721,0.503656019553513,3.94102109804424
"GCTTG","CAAGC",469,20,9083,10,9093,2.00211704242662,0.0984604665508966,0.893861577127802,4.79258083010112
"GCTGG","CCAGC",470,32,9071,43,9060,0.743298277749746,0.24706842036772,0.454753475248941,1.20358741789658
"GCTCG","CGAGC",471,1,9102,3,9100,0.333258154020968,0.624958799131942,0.00635252127696608,4.15152575140984
"GCGAG","CTCGC",472,31,9072,35,9068,0.885330152511019,0.711728843289079,0.527446822080342,1.47958202243787
"GCGTG","CACGC",473,69,9034,57,9046,1.21211958557278,0.325440784892293,0.840014069448221,1.75512672249445
"GCGGG","CCCGC",474,67,9036,62,9041,1.08120990839556,0.723912111477299,0.752946225406111,1.55468950914885
"GCGGC","GCCGC",475,33,9070,34,9069,0.970476470251745,1,0.582033575870274,1.61644187933135
"GCGCG","CGCGC",476,18,9085,13,9090,1.38534720761992,0.472749433686308,0.641292684702626,3.07744945304592
"GCCAG","CTGGC",477,15,9088,18,9085,0.833067733678863,0.728093422383154,0.390539913576482,1.75164402285855
"GCCTG","CAGGC",478,26,9077,29,9074,0.896261164999984,0.787390658676001,0.506633880159975,1.577906986309
"GCCGG","CCGGC",479,50,9053,55,9048,0.90860308568364,0.69562999928527,0.606175094156691,1.35910888348167
"GCCCG","CGGGC",480,9,9094,6,9097,1.50045392879258,0.607087674306316,0.476741359831265,5.12505011934767
"CAAAG","CTTTG",481,12,9091,18,9085,0.66624486501899,0.361196049575306,0.292562177916474,1.46288041059665
"CAATG","CATTG",482,37,9066,40,9063,0.924722393354096,0.819515809220546,0.574465713096075,1.48493284598601
"CAAGG","CCTTG",483,15,9088,12,9091,1.25039471083912,0.700894391535157,0.546072548211505,2.92711893374795
"CAACG","CGTTG",484,7,9096,4,9099,1.75051379854903,0.548704169869726,0.444840685268069,8.15755645202303
"CATAG","CTATG",485,24,9079,15,9088,1.6015358239098,0.199108245311845,0.805849082372213,3.28525048309707
"CATGG","CCATG",486,45,9058,47,9056,0.957224799348808,0.916830118978624,0.620978340617354,1.47400587853155
"CATCG","CGATG",487,5,9098,2,9101,2.50084616874026,0.453034865673558,0.409274590296203,26.2776553349216
"CAGAG","CTCTG",488,21,9082,30,9073,0.699323151881137,0.261766673950576,0.380230990218651,1.26387256221983
"CAGTG","CACTG",489,40,9063,43,9060,0.929957260418312,0.826012472293406,0.588572392197134,1.46625905854465
"CAGGG","CCCTG",490,34,9069,31,9072,1.0971163876714,0.803972155583632,0.653702379208361,1.84752645134928
"CAGCG","CGCTG",491,3,9100,5,9098,0.599888289452061,0.726502405496422,0.0931117582200756,3.08421109135102
"CACAG","CTGTG",492,41,9062,45,9058,0.910725271229738,0.745952168834495,0.581037346508498,1.42393122326067
"CACGG","CCGTG",493,44,9059,56,9047,0.784685865752316,0.269931835587371,0.515805249857914,1.18712029337509
"CACCG","CGGTG",494,3,9100,2,9101,1.50012398961843,1,0.171799971603866,17.9581353107836
"CTAAG","CTTAG",495,13,9090,9,9094,1.445044297904,0.523212821768671,0.571119380969681,3.83256601334621
"CTAGG","CCTAG",496,15,9088,13,9090,1.15409009466162,0.85043896908821,0.511954816533543,2.63713000363971
"CTACG","CGTAG",497,5,9098,0,9103,Inf,0.0624656716013458,0.916548622174459,Inf
"CTTGG","CCAAG",498,33,9070,30,9073,1.10034604397302,0.800967312811825,0.650007657198179,1.86949580895205
"CTTCG","CGAAG",499,3,9100,4,9099,0.749931849708823,1,0.109842268630472,4.43417003636242
"CTGAG","CTCAG",500,27,9076,25,9078,1.08020366994661,0.889726375164218,0.602983559132174,1.94226596401518
"CTGGG","CCCAG",501,31,9072,38,9065,0.815170573661127,0.469522414521049,0.490005520142823,1.34672288393609
"CTGCG","CGCAG",502,7,9096,1,9102,7.00394904140225,0.0702524253039871,0.899535792614791,315.276050480557
"CTCGG","CCGAG",503,51,9052,48,9055,1.06287525664392,0.840391383523902,0.701620407309119,1.61235325761102
"CTCCG","CGGAG",504,9,9094,1,9102,9.00707838659537,0.0214505913380749,1.24765603857326,394.173841803274
"CGAGG","CCTCG",505,10,9093,4,9099,2.50167015824841,0.179397601456559,0.72115825995941,10.9329449341134
"CGACG","CGTCG",506,3,9100,1,9102,3.00067677869155,0.624958799131942,0.240875297391665,157.417811983715
"CGTGG","CCACG",507,9,9094,7,9096,1.28597598250054,0.803533037518017,0.425962122922778,4.06509636365907
"CGGGG","CCCCG",508,15,9088,8,9095,1.87636996370475,0.209750545505122,0.74634982528003,5.11275624845329
"CGGCG","CGCCG",509,2,9101,2,9101,1,1,0.0724924012561371,13.7945492585727
"CGCGG","CCGCG",510,16,9087,14,9089,1.14309952449804,0.855416383016044,0.522403887619673,2.53036496612209
"CCAGG","CCTGG",511,54,9049,43,9060,1.25732194691295,0.308639094343455,0.825793764510081,1.92479388225811
"CCGGG","CCCGG",512,93,9010,99,9004,0.938746207636092,0.716883696809868,0.698542277152422,1.26072217967029
