"X1","X2","feature_no","VOI_pre","VOI_abs","CS_pre","CS_abs","OR","p_value"
"AAAAA","TTTTT",1,174,76,239,123,1.17794850544342,0.380498143975592
"AAAAT","ATTTT",2,178,72,246,116,1.16547122603696,0.422895440618659
"AAAAG","CTTTT",3,147,103,213,149,0.998361716931915,1
"AAAAC","GTTTT",4,135,115,177,185,1.22655331605369,0.218530403115994
"AAATA","TATTT",5,162,88,214,148,1.27264454941963,0.176506404823913
"AAATT","AATTT",6,122,128,189,173,0.872634008622127,0.412161370374836
"AAATG","CATTT",7,143,107,196,166,1.13165958549658,0.458105289907396
"AAATC","GATTT",8,98,152,145,217,0.964926422101467,0.866672407454094
"AAAGA","TCTTT",9,136,114,202,160,0.945040267340317,0.741467837987107
"AAAGT","ACTTT",10,128,122,178,184,1.08440147865488,0.68098729267585
"AAAGG","CCTTT",11,110,140,157,205,1.02590061518018,0.933936716695569
"AAAGC","GCTTT",12,95,155,130,232,1.09363467667477,0.609731938719179
"AAACA","TGTTT",13,134,116,185,177,1.1050373354998,0.565068648568235
"AAACT","AGTTT",14,106,144,161,201,0.91912306310401,0.619847716412572
"AAACG","CGTTT",15,18,232,30,332,0.858842578209372,0.649987108655373
"AAACC","GGTTT",16,96,154,138,224,1.0118407482375,1
"AATAA","TTATT",17,142,108,168,194,1.51722106574785,0.0135645822546459
"AATAT","ATATT",18,97,153,137,225,1.04117972079788,0.865656823273446
"AATAG","CTATT",19,89,161,120,242,1.11460254522776,0.544685434900975
"AATAC","GTATT",20,91,159,141,221,0.89721118682137,0.553414942888654
"AATTA","TAATT",21,101,149,163,199,0.827820948428478,0.28063999479626
"AATTG","CAATT",22,86,164,108,254,1.23285005309442,0.251005253755549
"AATTC","GAATT",23,89,161,119,243,1.12858950848688,0.488729495099762
"AATGA","TCATT",24,115,135,153,209,1.16334728722822,0.363424300111855
"AATGT","ACATT",25,115,135,147,215,1.24544368544878,0.212554648410484
"AATGG","CCATT",26,92,158,135,227,0.979120267239025,0.932264175604056
"AATGC","GCATT",27,85,165,114,248,1.12046860986715,0.539420393310314
"AATCA","TGATT",28,107,143,146,216,1.10681665075933,0.559563724175416
"AATCT","AGATT",29,85,165,119,243,1.05183899918051,0.793900833541305
"AATCG","CGATT",30,22,228,34,328,0.930949396812038,0.886904991111008
"AATCC","GGATT",31,95,155,128,234,1.12025240551651,0.549881106968465
"AAGAA","TTCTT",32,136,114,196,166,1.01036735995495,1
"AAGAT","ATCTT",33,94,156,134,228,1.02522776634684,0.932252446456974
"AAGAG","CTCTT",34,107,143,149,213,1.06953014252871,0.738870370223042
"AAGAC","GTCTT",35,101,149,123,239,1.31650650836828,0.124335860941898
"AAGTA","TACTT",36,87,163,126,236,0.999692825656238,1
"AAGTT","AACTT",37,104,146,135,227,1.19740457159525,0.311941485836579
"AAGTG","CACTT",38,105,145,177,185,0.757220102377514,0.0993263482884678
"AAGTC","GACTT",39,78,172,91,271,1.34979822518848,0.117794246600659
"AAGGA","TCCTT",40,107,143,166,196,0.883657959351079,0.458105289907396
"AAGGT","ACCTT",41,73,177,114,248,0.897373672492438,0.592445766048509
"AAGGG","CCCTT",42,74,176,122,240,0.827380683672073,0.291817657607679
"AAGGC","GCCTT",43,75,175,99,263,1.1382820312664,0.523513128650935
"AAGCA","TGCTT",44,107,143,154,208,1.01061021049188,1
"AAGCT","AGCTT",45,72,178,115,247,0.868983209849603,0.475365804892858
"AAGCG","CGCTT",46,21,229,38,324,0.782197983451585,0.407106602998614
"AAGCC","GGCTT",47,73,177,102,260,1.05118177739858,0.785614885341946
"AACAA","TTGTT",48,119,131,156,206,1.19918508565619,0.283275196330709
"AACAT","ATGTT",49,113,137,148,214,1.19228989556419,0.318526106038654
"AACAG","CTGTT",50,105,145,125,237,1.37221614317086,0.0624709908026534
"AACAC","GTGTT",51,82,168,127,235,0.903318715501388,0.603079147960288
"AACTA","TAGTT",52,61,189,105,257,0.790276054209399,0.229550800456097
"AACTG","CAGTT",53,93,157,133,229,1.01989659898483,0.932203741031461
"AACTC","GAGTT",54,78,172,139,223,0.727920836061649,0.0714735018286519
"AACGA","TCGTT",55,14,236,20,342,1.01438673465962,1
"AACGT","ACGTT",56,17,233,32,330,0.752756002756695,0.449002578695043
"AACGG","CCGTT",57,19,231,19,343,1.48382918800955,0.238716933088075
"AACGC","GCGTT",58,8,242,16,346,0.715255398501231,0.528490565329128
"AACCA","TGGTT",59,89,161,111,251,1.2495402295196,0.219904425782113
"AACCT","AGGTT",60,94,156,138,224,0.97810596888031,0.932533811442452
"AACCG","CGGTT",61,10,240,28,334,0.497553535947759,0.0628015511104248
"AACCC","GGGTT",62,75,175,120,242,0.864491801104639,0.428095753530554
"ATAAA","TTTAT",63,140,110,179,183,1.30059454858826,0.118250822005066
"ATAAT","ATTAT",64,98,152,137,225,1.05876436084112,0.736104451231061
"ATAAG","CTTAT",65,80,170,105,257,1.15154888446051,0.473900955966624
"ATAAC","GTTAT",66,74,176,83,279,1.41248581994085,0.0735209882169141
"ATATA","TATAT",67,80,170,98,264,1.26719434535046,0.205177400050421
"ATATG","CATAT",68,87,163,95,267,1.49903556236289,0.024692402330837
"ATATC","GATAT",69,59,191,72,290,1.24372030054244,0.272326432019659
"ATAGA","TCTAT",70,97,153,104,258,1.57153236045424,0.0110427076348912
"ATAGT","ACTAT",71,66,184,104,258,0.890010536264427,0.581899782671637
"ATAGG","CCTAT",72,72,178,91,271,1.20421474137956,0.35232523499574
"ATAGC","GCTAT",73,53,197,70,292,1.12204721788422,0.608330545403653
"ATACA","TGTAT",74,99,151,143,219,1.00406902447371,1
"ATACT","AGTAT",75,77,173,103,259,1.11898940514266,0.529314388291443
"ATACG","CGTAT",76,12,238,16,346,1.09018001666826,0.845828082470127
"ATACC","GGTAT",77,53,197,82,280,0.918812839207302,0.692639969969002
"ATTAA","TTAAT",78,103,147,121,241,1.3947667249038,0.0602748134483707
"ATTAG","CTAAT",79,88,162,137,225,0.892299705784662,0.550671921514631
"ATTAC","GTAAT",80,85,165,132,230,0.897771087299393,0.548310190923753
"ATTTA","TAAAT",81,124,126,157,205,1.2844627913844,0.13785899483331
"ATTTG","CAAAT",82,109,141,157,205,1.00938208404727,1
"ATTTC","GAAAT",83,112,138,168,194,0.937314838331159,0.741393503196493
"ATTGA","TCAAT",84,89,161,111,251,1.2495402295196,0.219904425782113
"ATTGT","ACAAT",85,82,168,115,247,1.04823546932016,0.792420760000189
"ATTGG","CCAAT",86,74,176,90,272,1.27018746333952,0.195333807033064
"ATTGC","GCAAT",87,79,171,110,252,1.05826367419276,0.789618947204556
"ATTCA","TGAAT",88,92,158,140,222,0.923458860642923,0.672073242398242
"ATTCT","AGAAT",89,123,127,167,195,1.13065805032085,0.459940965097775
"ATTCG","CGAAT",90,6,244,28,334,0.29382801803648,0.00395009793070118
"ATTCC","GGAAT",91,94,156,105,257,1.47385021353497,0.0283004375796799
"ATGAA","TTCAT",92,98,152,156,206,0.851608792259538,0.359099148156511
"ATGAT","ATCAT",93,84,166,109,253,1.17421623823333,0.376978119204699
"ATGAG","CTCAT",94,87,163,129,233,0.964092961853753,0.863571417583863
"ATGAC","GTCAT",95,72,178,86,276,1.29756408594345,0.18827824891294
"ATGTA","TACAT",96,85,165,108,254,1.21116761044537,0.289043930638315
"ATGTG","CACAT",97,117,133,150,212,1.2428522202267,0.213611620268077
"ATGTC","GACAT",98,70,180,108,254,0.914757520650687,0.651404722027927
"ATGGA","TCCAT",99,96,154,142,220,0.965838594434704,0.86623439451463
"ATGGT","ACCAT",100,89,161,109,253,1.28254696677674,0.160441400369672
"ATGGG","CCCAT",101,98,152,114,248,1.40176471803327,0.0571949422241684
"ATGGC","GCCAT",102,83,167,99,263,1.31969878356707,0.126787427762175
"ATGCA","TGCAT",103,82,168,106,256,1.17847065848212,0.373359999421666
"ATGCT","AGCAT",104,90,160,114,248,1.22326661650153,0.257527575534939
"ATGCG","CGCAT",105,16,234,15,347,1.58050574897966,0.260577093443894
"ATGCC","GGCAT",106,74,176,127,235,0.778326964846377,0.162223788234932
"ATCAA","TTGAT",107,88,162,116,246,1.1517075990508,0.433156722096323
"ATCAG","CTGAT",108,86,164,112,250,1.17020528434296,0.380419515212435
"ATCAC","GTGAT",109,87,163,122,240,1.04987621680868,0.795176100212409
"ATCTA","TAGAT",110,67,183,83,279,1.23025992997578,0.293538505183951
"ATCTG","CAGAT",111,74,176,124,238,0.807285019867622,0.253313502459415
"ATCTC","GAGAT",112,102,148,137,225,1.13164724709514,0.500284204554013
"ATCGA","TCGAT",113,11,239,15,347,1.0646019473058,1
"ATCGT","ACGAT",114,25,225,18,344,2.12079072299574,0.023359399518996
"ATCGG","CCGAT",115,6,244,14,348,0.611707343140339,0.362918669442087
"ATCGC","GCGAT",116,22,228,36,326,0.87398857976863,0.675629434707468
"ATCCA","TGGAT",117,79,171,111,251,1.04456922725179,0.858978186806445
"ATCCT","AGGAT",118,105,145,125,237,1.37221614317086,0.0624709908026534
"ATCCG","CGGAT",119,17,233,14,348,1.81174152307058,0.132817024976494
"ATCCC","GGGAT",120,80,170,109,253,1.09212354837207,0.656546480210251
"AGAAA","TTTCT",121,155,95,237,125,0.860753408968546,0.392385869362385
"AGAAG","CTTCT",122,111,139,174,188,0.863023329152385,0.409847063368286
"AGAAC","GTTCT",123,85,165,124,238,0.988775737349895,1
"AGATA","TATCT",124,81,169,107,255,1.14197988120947,0.476386153305526
"AGATG","CATCT",125,109,141,148,214,1.11758207423511,0.506458684521748
"AGATC","GATCT",126,52,198,80,282,0.925846395681614,0.764403709859913
"AGAGA","TCTCT",127,127,123,178,184,1.06719824421678,0.742265523966636
"AGAGT","ACTCT",128,96,154,135,227,1.04808781368277,0.799499548640001
"AGAGG","CCTCT",129,100,150,143,219,1.02095216060465,0.933097922354611
"AGAGC","GCTCT",130,78,172,116,246,0.961758403891254,0.859925734307981
"AGACA","TGTCT",131,116,134,168,194,0.999645212938417,1
"AGACT","AGTCT",132,91,159,148,214,0.827811890151017,0.274213454278072
"AGACG","CGTCT",133,22,228,40,322,0.777069299026301,0.41461411845416
"AGACC","GGTCT",134,76,174,121,241,0.870151597452345,0.481466767660737
"AGTAA","TTACT",135,84,166,124,238,0.971279293507868,0.930844063879434
"AGTAG","CTACT",136,89,161,127,235,1.02285990536905,0.931492549969184
"AGTAC","GTACT",137,40,210,46,316,1.30788437138312,0.286981042482394
"AGTTA","TAACT",138,76,174,112,250,0.97499464898846,0.929061084632685
"AGTTG","CAACT",139,78,172,120,242,0.914678324222626,0.660499677780648
"AGTTC","GAACT",140,69,181,117,245,0.798565956075979,0.245145662745026
"AGTGA","TCACT",141,120,130,180,182,0.933445904758652,0.681763248737004
"AGTGT","ACACT",142,81,169,132,230,0.835373173205199,0.342380394058387
"AGTGG","CCACT",143,95,155,159,203,0.782829799391367,0.156291865559256
"AGTGC","GCACT",144,79,171,135,227,0.777147558564441,0.167688180247652
"AGTCA","TGACT",145,87,163,99,263,1.41706236279789,0.0499242331363185
"AGTCG","CGACT",146,10,240,15,347,0.963942781409288,1
"AGTCC","GGACT",147,76,174,100,262,1.14411042284611,0.468420683494867
"AGGAA","TTCCT",148,130,120,162,200,1.33679076465486,0.0840942513558119
"AGGAG","CTCCT",149,115,135,186,176,0.806343343138315,0.21729930967469
"AGGAC","GTCCT",150,75,175,99,263,1.1382820312664,0.523513128650935
"AGGTA","TACCT",151,68,182,120,242,0.753829239377134,0.129871759886371
"AGGTG","CACCT",152,96,154,134,228,1.06056075613214,0.734905526348023
"AGGTC","GACCT",153,66,184,114,248,0.78063682691894,0.177423127711766
"AGGGA","TCCCT",154,91,159,143,219,0.876690301924382,0.447598455925735
"AGGGT","ACCCT",155,65,185,102,260,0.895762524310589,0.580412072332243
"AGGGG","CCCCT",156,74,176,111,251,0.950818942881697,0.788998965920422
"AGGGC","GCCCT",157,63,187,83,279,1.13223106043267,0.562854016197583
"AGGCA","TGCCT",158,116,134,188,174,0.801503444491958,0.188802552296843
"AGGCT","AGCCT",159,104,146,145,217,1.0659248557072,0.73795849312938
"AGGCG","CGCCT",160,27,223,71,291,0.496783517668398,0.0034967456261706
"AGGCC","GGCCT",161,74,176,109,253,0.975952058709354,0.928547988129666
"AGCAA","TTGCT",162,103,147,158,204,0.904824405158905,0.561474314880535
"AGCAG","CTGCT",163,87,163,133,229,0.919135959122646,0.668491721950876
"AGCAC","GTGCT",164,80,170,111,251,1.06401376449077,0.723678101023325
"AGCTA","TAGCT",165,67,183,132,230,0.638408266995036,0.0139152315557915
"AGCTG","CAGCT",166,98,152,158,204,0.832696913129623,0.279781973342641
"AGCTC","GAGCT",167,63,187,116,246,0.714849820544699,0.0711222657600138
"AGCGA","TCGCT",168,18,232,51,311,0.473675515382008,0.00902246871543504
"AGCGT","ACGCT",169,15,235,19,343,1.1520221196714,0.721687500084629
"AGCGG","CCGCT",170,13,237,24,338,0.77282219863143,0.495768187495158
"AGCGC","GCGCT",171,9,241,20,342,0.639036132177006,0.334805821459362
"AGCCA","TGGCT",172,103,147,181,181,0.701100132267659,0.0325120864818764
"AGCCG","CGGCT",173,29,221,42,320,0.999807684315573,1
"AGCCC","GGGCT",174,73,177,91,271,1.22779584528367,0.267030472771475
"ACAAA","TTTGT",175,137,113,190,172,1.0973638137953,0.620979396954121
"ACAAG","CTTGT",176,90,160,109,253,1.30502291614181,0.136018488137361
"ACAAC","GTTGT",177,76,174,85,277,1.42252065846696,0.0619395728870114
"ACATA","TATGT",178,99,151,140,222,1.03960134564326,0.866190695312582
"ACATG","CATGT",179,91,159,127,235,1.05892056861337,0.796767608810818
"ACATC","GATGT",180,63,187,84,278,1.11477183645218,0.630434909317151
"ACAGA","TCTGT",181,117,133,183,179,0.860684738519867,0.366938268406095
"ACAGT","ACTGT",182,90,160,134,228,0.957142122595952,0.864476674641057
"ACAGG","CCTGT",183,110,140,163,199,0.959292987780501,0.804677288748913
"ACAGC","GCTGT",184,70,180,119,243,0.794417314243634,0.213416111689117
"ACACA","TGTGT",185,101,149,130,232,1.20931792309446,0.270987448331383
"ACACG","CGTGT",186,23,227,31,331,1.08171240604102,0.774271724166181
"ACACC","GGTGT",187,83,167,118,244,1.02767493259031,0.930256162240793
"ACTAA","TTAGT",188,75,175,112,250,0.956688415072473,0.858394946904773
"ACTAG","CTAGT",189,36,214,67,295,0.741047148300701,0.189182677073564
"ACTAC","GTAGT",190,57,193,84,278,0.977457585262775,0.922540202819565
"ACTTA","TAAGT",191,81,169,116,246,1.01640301565612,0.930097367651787
"ACTTG","CAAGT",192,84,166,128,234,0.925210915391319,0.666594490602817
"ACTTC","GAAGT",193,85,165,118,244,1.06511789315148,0.727522251280215
"ACTGA","TCAGT",194,89,161,136,226,0.918750053360089,0.669935894659211
"ACTGG","CCAGT",195,85,165,121,241,1.02601445316925,0.930692290205937
"ACTGC","GCAGT",196,81,169,138,224,0.778299525285342,0.169880752223336
"ACTCA","TGAGT",197,83,167,130,232,0.887138589258292,0.545750606642861
"ACTCG","CGAGT",198,20,230,33,329,0.867143961159995,0.663643712508649
"ACTCC","GGAGT",199,88,162,136,226,0.902838206479261,0.608609496249094
"ACGAA","TTCGT",200,11,239,26,336,0.595264857706334,0.171042978867784
"ACGAG","CTCGT",201,24,226,28,334,1.2662398156528,0.461772369221717
"ACGAC","GTCGT",202,8,242,9,353,1.29602631707888,0.623517171776581
"ACGTA","TACGT",203,10,240,22,340,0.644382543630975,0.27478835316746
"ACGTG","CACGT",204,21,229,36,326,0.83067092106662,0.572949106478219
"ACGTC","GACGT",205,11,239,20,342,0.787330848329489,0.578799146591528
"ACGGA","TCCGT",206,22,228,26,336,1.24649530319377,0.541053907437737
"ACGGT","ACCGT",207,20,230,25,337,1.17186099323952,0.638447531135808
"ACGGG","CCCGT",208,27,223,37,325,1.06339673151896,0.893232492146671
"ACGGC","GCCGT",209,6,244,18,344,0.470476760818312,0.138140938057918
"ACGCA","TGCGT",210,10,240,24,338,0.587288888649186,0.208887307600272
"ACGCG","CGCGT",211,1,249,5,357,0.287224809921064,0.409042711146753
"ACGCC","GGCGT",212,21,229,43,319,0.680724523159374,0.18095778727603
"ACCAA","TTGGT",213,79,171,113,249,1.01798575865127,0.929579835623526
"ACCAG","CTGGT",214,88,162,128,234,0.993066432745604,1
"ACCAC","GTGGT",215,75,175,131,231,0.756073219160504,0.117880294899343
"ACCTA","TAGGT",216,62,188,85,277,1.07459076048408,0.772846531712978
"ACCTG","CAGGT",217,88,162,141,221,0.851638880482818,0.351517709237756
"ACCTC","GAGGT",218,101,149,143,219,1.03807098810245,0.866688748157645
"ACCGA","TCGGT",219,5,245,26,336,0.264212763986918,0.00424858461089702
"ACCGG","CCGGT",220,16,234,16,346,1.47762914350321,0.355785122348944
"ACCGC","GCGGT",221,7,243,27,335,0.357947167802975,0.0183343874334395
"ACCCA","TGGGT",222,87,163,137,225,0.876773280548444,0.494749682652643
"ACCCG","CGGGT",223,22,228,32,330,0.995073737040551,1
"ACCCC","GGGGT",224,78,172,101,261,1.17157417456719,0.416044237959918
"TAAAA","TTTTA",225,164,86,217,145,1.27373781961357,0.174798527303324
"TAAAG","CTTTA",226,102,148,134,228,1.17233788548896,0.353834583041185
"TAAAC","GTTTA",227,84,166,109,253,1.17421623823333,0.376978119204699
"TAATA","TATTA",228,96,154,126,236,1.16729178818589,0.392661120518867
"TAATG","CATTA",229,87,163,114,248,1.16083369738775,0.430812848193522
"TAATC","GATTA",230,78,172,111,251,1.02542505518277,0.929134282216349
"TAAGA","TCTTA",231,92,158,122,240,1.14520668559194,0.438846852958077
"TAAGG","CCTTA",232,60,190,88,274,0.983278981964029,1
"TAAGC","GCTTA",233,46,204,81,281,0.78256749869684,0.26487838661751
"TAACA","TGTTA",234,82,168,106,256,1.17847065848212,0.373359999421666
"TAACG","CGTTA",235,18,232,16,346,1.67629268255327,0.153371453474309
"TAACC","GGTTA",236,51,199,60,302,1.28938698408194,0.241402157644972
"TATAA","TTATA",237,95,155,111,251,1.38515274907208,0.0676170024036738
"TATAG","CTATA",238,73,177,78,284,1.50059906278629,0.0357997311448569
"TATAC","GTATA",239,60,190,74,288,1.22858854423037,0.320471750255849
"TATTG","CAATA",240,77,173,107,255,1.060611199013,0.78802589698069
"TATTC","GAATA",241,82,168,115,247,1.04823546932016,0.792420760000189
"TATGA","TCATA",242,74,176,93,269,1.21575102821787,0.310214756504385
"TATGG","CCATA",243,70,180,71,291,1.59259440688214,0.0189364832401064
"TATGC","GCATA",244,45,205,76,286,0.826315156833902,0.409041204581052
"TATCA","TGATA",245,79,171,93,269,1.33562161907599,0.120186322215975
"TATCG","CGATA",246,12,238,12,350,1.46960550557797,0.399486499494646
"TATCC","GGATA",247,62,188,67,295,1.45110431332778,0.0695269394185098
"TAGAA","TTCTA",248,98,152,128,234,1.17833497442564,0.349324433068751
"TAGAG","CTCTA",249,77,173,122,240,0.875770600611399,0.482976676935287
"TAGAC","GTCTA",250,53,197,71,291,1.10248819680511,0.682577201768869
"TAGTA","TACTA",251,73,177,102,260,1.05118177739858,0.785614885341946
"TAGTG","CACTA",252,55,195,95,267,0.793012164255315,0.251839755779835
"TAGTC","GACTA",253,46,204,84,278,0.746618851465391,0.160570871212144
"TAGGA","TCCTA",254,81,169,89,273,1.46919380837736,0.0352128219393248
"TAGGG","CCCTA",255,60,190,76,286,1.18802031349243,0.428879985020296
"TAGGC","GCCTA",256,54,196,78,284,1.00313476151218,1
"TAGCA","TGCTA",257,62,188,87,275,1.04239113585135,0.848374921019743
"TAGCG","CGCTA",258,3,247,16,346,0.263118750137652,0.030761218898749
"TAGCC","GGCTA",259,59,191,79,283,1.10638194514383,0.62356739693376
"TACAA","TTGTA",260,89,161,130,232,0.986546757581196,1
"TACAG","CTGTA",261,96,154,159,203,0.796184230171246,0.18271274389072
"TACAC","GTGTA",262,62,188,84,278,1.09128085606315,0.699706813718246
"TACTG","CAGTA",263,75,175,101,261,1.10730915007882,0.586597741426691
"TACTC","GAGTA",264,69,181,86,276,1.22301778342422,0.29902161542472
"TACGA","TCGTA",265,17,233,17,345,1.47967808887774,0.284701080335778
"TACGG","CCGTA",266,10,240,11,351,1.32889531953402,0.652339200763004
"TACGC","GCGTA",267,6,244,11,351,0.784953569137893,0.803714081011722
"TACCA","TGGTA",268,66,184,83,279,1.20535503872126,0.339021083977624
"TACCG","CGGTA",269,14,236,17,345,1.2035109210421,0.708323789589214
"TACCC","GGGTA",270,45,205,62,300,1.06204600568059,0.82876559052153
"TTAAA","TTTAA",271,130,120,172,190,1.19634813158389,0.285868477936985
"TTAAG","CTTAA",272,84,166,102,260,1.28930385350438,0.153953061326113
"TTAAC","GTTAA",273,67,183,77,285,1.35440886233707,0.121403798831061
"TTATG","CATAA",274,83,167,109,253,1.15332579126233,0.426373800337919
"TTATC","GATAA",275,72,178,88,274,1.25895336846616,0.224661909732507
"TTAGA","TCTAA",276,76,174,111,251,0.987696183426506,1
"TTAGG","CCTAA",277,77,173,91,271,1.32483557207019,0.140380919682704
"TTAGC","GCTAA",278,67,183,116,246,0.776748781246115,0.178311419893161
"TTACA","TGTAA",279,106,144,154,208,0.99423702758955,1
"TTACG","CGTAA",280,13,237,26,336,0.709247215705827,0.400606758686129
"TTACC","GGTAA",281,54,196,88,274,0.858052641747292,0.495429665932982
"TTTAG","CTAAA",282,110,140,145,217,1.17554378532307,0.359104877787925
"TTTAC","GTAAA",283,81,169,120,242,0.966612940279952,0.86140771248363
"TTTTG","CAAAA",284,154,96,224,138,0.98829781439606,1
"TTTTC","GAAAA",285,152,98,210,152,1.12243036143119,0.504332832421637
"TTTGA","TCAAA",286,121,129,175,187,1.00229974279962,1
"TTTGG","CCAAA",287,112,138,172,190,0.896689440119451,0.510955760756526
"TTTGC","GCAAA",288,95,155,142,220,0.949625385965618,0.800247429987225
"TTTCA","TGAAA",289,129,121,206,156,0.807640028481182,0.215414055785771
"TTTCG","CGAAA",290,10,240,26,336,0.538973812653541,0.11668872255574
"TTTCC","GGAAA",291,119,131,175,187,0.970723386244432,0.86957083388182
"TTGAA","TTCAA",292,126,124,163,199,1.24010211105646,0.216655298210967
"TTGAG","CTCAA",293,104,146,158,204,0.919841707886738,0.619258264294632
"TTGAC","GTCAA",294,52,198,83,279,0.882983018059892,0.553187584518482
"TTGTG","CACAA",295,103,147,135,227,1.17785749732308,0.35383222336218
"TTGTC","GACAA",296,78,172,99,263,1.20434313955321,0.319105909164926
"TTGGA","TCCAA",297,83,167,132,230,0.866199343709135,0.438528786215829
"TTGGG","CCCAA",298,92,158,145,217,0.871606652813306,0.447752062809925
"TTGGC","GCCAA",299,81,169,113,249,1.05602498986585,0.791126189548723
"TTGCA","TGCAA",300,81,169,136,226,0.796765166820209,0.198146006442844
"TTGCG","CGCAA",301,8,242,25,337,0.446158986452506,0.0471562770154417
"TTGCC","GGCAA",302,95,155,121,241,1.22032999000014,0.263660014959647
"TTCAG","CTGAA",303,107,143,160,202,0.944784511400957,0.740870191145382
"TTCAC","GTGAA",304,95,155,138,224,0.994865533498136,1
"TTCTG","CAGAA",305,133,117,171,191,1.26919762703648,0.162239052946139
"TTCTC","GAGAA",306,120,130,191,171,0.826682157165289,0.250867142932969
"TTCGA","TCGAA",307,12,238,31,331,0.538871694504973,0.0785082549261297
"TTCGG","CCGAA",308,10,240,27,335,0.517497348027533,0.0859414377302831
"TTCGC","GCGAA",309,8,242,20,342,0.56578559425552,0.23749345749855
"TTCCA","TGGAA",310,118,132,173,189,0.976646766124901,0.934407634908369
"TTCCG","CGGAA",311,11,239,20,342,0.787330848329489,0.578799146591528
"TTCCC","GGGAA",312,98,152,148,214,0.932380028083276,0.737329530624084
"TGAAG","CTTCA",313,101,149,137,225,1.11306346151901,0.555203281667774
"TGAAC","GTTCA",314,95,155,136,226,1.01847653386056,0.932528219085973
"TGATG","CATCA",315,79,171,103,259,1.16140743172547,0.418990192580077
"TGATC","GATCA",316,65,185,105,257,0.860185887102834,0.462822659417067
"TGAGA","TCTCA",317,123,127,182,180,0.957905388262797,0.805596508369647
"TGAGG","CCTCA",318,118,132,163,199,1.09121687807804,0.620975159384929
"TGAGC","GCTCA",319,87,163,162,200,0.659400383570567,0.0152278460100908
"TGACA","TGTCA",320,91,159,126,236,1.07185505644394,0.731096502424146
"TGACG","CGTCA",321,13,237,18,344,1.04817921115383,1
"TGACC","GGTCA",322,66,184,111,251,0.811381960299332,0.276840032745799
"TGTAG","CTACA",323,69,181,110,252,0.873523066399393,0.470895674817189
"TGTAC","GTACA",324,43,207,51,311,1.26623099390104,0.306287184163261
"TGTTG","CAACA",325,103,147,131,231,1.23510881597553,0.236204874248011
"TGTTC","GAACA",326,85,165,132,230,0.897771087299393,0.548310190923753
"TGTGA","TCACA",327,109,141,163,199,0.943900772360412,0.741234654104865
"TGTGG","CCACA",328,100,150,147,215,0.975090656587192,0.933235062991663
"TGTGC","GCACA",329,93,157,121,241,1.1794907828838,0.344045472813306
"TGTCG","CGACA",330,11,239,20,342,0.787330848329489,0.578799146591528
"TGTCC","GGACA",331,76,174,97,265,1.19291437002611,0.361364807417509
"TGGAG","CTCCA",332,116,134,163,199,1.05674606702173,0.741992962219141
"TGGAC","GTCCA",333,66,184,91,271,1.0680875183082,0.777691860494976
"TGGTG","CACCA",334,104,146,157,205,0.930233451876363,0.678334175385305
"TGGTC","GACCA",335,73,177,112,250,0.92074502079467,0.655566406021124
"TGGGA","TCCCA",336,124,126,174,188,1.06318644464056,0.742331315945105
"TGGGG","CCCCA",337,97,153,124,238,1.21644299498773,0.266236514008195
"TGGGC","GCCCA",338,89,161,142,220,0.856660848051113,0.396505485042177
"TGGCA","TGCCA",339,91,159,165,197,0.683758985855626,0.0246553321640341
"TGGCG","CGCCA",340,27,223,38,324,1.03229855220834,0.894791141896354
"TGGCC","GGCCA",341,75,175,105,257,1.04887128440852,0.787477101678533
"TGCAG","CTGCA",342,99,151,155,207,0.87577325480339,0.453075686336164
"TGCAC","GTGCA",343,74,176,113,249,0.926628348147291,0.721207149011358
"TGCTG","CAGCA",344,118,132,157,205,1.16694546173539,0.363943783988404
"TGCTC","GAGCA",345,69,181,99,263,1.01270594386688,1
"TGCGA","TCGCA",346,15,235,18,344,1.21944751508944,0.589518449966126
"TGCGG","CCGCA",347,13,237,21,341,0.890833723392447,0.85815040326894
"TGCGC","GCGCA",348,15,235,25,337,0.860648416130223,0.740492314716516
"TGCCG","CGGCA",349,15,235,18,344,1.21944751508944,0.589518449966126
"TGCCC","GGGCA",350,89,161,121,241,1.10084634346747,0.603731525791515
"TCAAG","CTTGA",351,112,138,139,223,1.3014682039437,0.132315759734119
"TCAAC","GTTGA",352,48,202,82,280,0.811673496179068,0.316561773223104
"TCATG","CATGA",353,75,175,123,239,0.833002117954257,0.333797365178453
"TCATC","GATGA",354,74,176,90,272,1.27018746333952,0.195333807033064
"TCAGA","TCTGA",355,105,145,136,226,1.2029723997581,0.275223655753918
"TCAGG","CCTGA",356,105,145,158,204,0.935083840924569,0.739771701276627
"TCAGC","GCTGA",357,105,145,137,225,1.18893191599654,0.313718478165066
"TCACG","CGTGA",358,27,223,42,320,0.922585852067666,0.796011184281136
"TCACC","GGTGA",359,80,170,120,242,0.94908104255469,0.792945854962142
"TCTAG","CTAGA",360,48,202,77,285,0.879700133503211,0.542655413568943
"TCTAC","GTAGA",361,73,177,105,257,1.00945609355696,1
"TCTTG","CAAGA",362,107,143,136,226,1.24296001154025,0.207854839453752
"TCTTC","GAAGA",363,100,150,147,215,0.975090656587192,0.933235062991663
"TCTGG","CCAGA",364,99,151,154,208,0.885701766750968,0.504354186781798
"TCTGC","GCAGA",365,89,161,145,217,0.82754445496974,0.27258171586421
"TCTCG","CGAGA",366,28,222,64,298,0.587768160004532,0.029005907837141
"TCTCC","GGAGA",367,102,148,161,201,0.860629323143793,0.406271100047661
"TCGAG","CTCGA",368,14,236,35,327,0.554741744673628,0.070968819936414
"TCGAC","GTCGA",369,8,242,14,348,0.821984090069668,0.825895652787842
"TCGTG","CACGA",370,26,224,26,336,1.49894167081891,0.184760733619359
"TCGTC","GACGA",371,16,234,15,347,1.58050574897966,0.260577093443894
"TCGGA","TCCGA",372,9,241,13,349,1.00254940284701,1
"TCGGG","CCCGA",373,18,232,37,325,0.681914262896846,0.249924326022503
"TCGGC","GCCGA",374,27,223,38,324,1.03229855220834,0.894791141896354
"TCGCG","CGCGA",375,6,244,8,354,1.08796266705902,1
"TCGCC","GGCGA",376,11,239,28,334,0.549521632813648,0.128886536241176
"TCCAG","CTGGA",377,123,127,179,183,0.990161188172807,1
"TCCAC","GTGGA",378,82,168,127,235,0.903318715501388,0.603079147960288
"TCCTG","CAGGA",379,128,122,197,165,0.87894298722405,0.458734037899458
"TCCTC","GAGGA",380,102,148,123,239,1.33848486194024,0.0887581773553811
"TCCGG","CCGGA",381,17,233,16,346,1.57653878771624,0.207606532232051
"TCCGC","GCGGA",382,21,229,29,333,1.05289367540536,0.881462648330213
"TCCCG","CGGGA",383,24,226,49,313,0.678764204803741,0.163039036852815
"TCCCC","GGGGA",384,71,179,116,246,0.841405217778056,0.372233102285411
"GAAAG","CTTTC",385,101,149,171,191,0.757484896290661,0.0985439170987327
"GAAAC","GTTTC",386,88,162,151,211,0.759401356129821,0.109906055115968
"GAATG","CATTC",387,90,160,129,233,1.01596662331834,0.931848822283908
"GAATC","GATTC",388,69,181,99,263,1.01270594386688,1
"GAAGG","CCTTC",389,81,169,124,238,0.920066922717637,0.663588535635301
"GAAGC","GCTTC",390,76,174,105,257,1.06895747352223,0.719330293455275
"GAACG","CGTTC",391,11,239,31,331,0.491962454171458,0.0510409986789439
"GAACC","GGTTC",392,74,176,99,263,1.11676006844342,0.583970007121245
"GATAG","CTATC",393,59,191,71,291,1.26554722357103,0.268807876261231
"GATAC","GTATC",394,51,199,60,302,1.28938698408194,0.241402157644972
"GATTG","CAATC",395,76,174,79,283,1.5634468282474,0.0181756441236362
"GATGG","CCATC",396,92,158,131,231,1.02673414903205,0.931932018791977
"GATGC","GCATC",397,59,191,73,289,1.22249051418287,0.318887066928166
"GATCG","CGATC",398,21,229,25,337,1.23571205591395,0.53406383066899
"GATCC","GGATC",399,53,197,71,291,1.10248819680511,0.682577201768869
"GAGAG","CTCTC",400,90,160,120,242,1.13413716513154,0.488889368876539
"GAGAC","GTCTC",401,86,164,153,209,0.716720841568675,0.0528982645525815
"GAGTG","CACTC",402,92,158,135,227,0.979120267239025,0.932264175604056
"GAGTC","GACTC",403,71,179,94,268,1.13063743592127,0.517624665791752
"GAGGG","CCCTC",404,68,182,114,248,0.813076601326688,0.280621878295918
"GAGGC","GCCTC",405,103,147,154,208,0.946429683596944,0.802676955992083
"GAGCG","CGCTC",406,11,239,34,328,0.444552283435673,0.0264193554805692
"GAGCC","GGCTC",407,81,169,135,227,0.806202921938642,0.228863919217322
"GACAG","CTGTC",408,83,167,136,226,0.82616642110285,0.303359640231003
"GACAC","GTGTC",409,67,183,80,282,1.29000986986652,0.210756602516276
"GACTG","CAGTC",410,75,175,105,257,1.04887128440852,0.787477101678533
"GACGG","CCGTC",411,26,224,35,327,1.08429345105654,0.784831728187306
"GACGC","GCGTC",412,6,244,16,346,0.532273543556564,0.269101804369363
"GACCG","CGGTC",413,5,245,18,344,0.390555538755342,0.0817153299300426
"GACCC","GGGTC",414,50,200,75,287,0.956726131628497,0.839229276134132
"GTAAG","CTTAC",415,53,197,96,266,0.745808537252896,0.150696320734347
"GTAAC","GTTAC",416,48,202,58,304,1.24501098751903,0.328885181145044
"GTATG","CATAC",417,42,208,77,285,0.747729314207101,0.178217159464764
"GTAGG","CCTAC",418,48,202,71,291,0.973961233349957,0.917642020243932
"GTAGC","GCTAC",419,52,198,79,283,0.940875999239122,0.841159857107111
"GTACG","CGTAC",420,9,241,12,350,1.08905754210422,0.826059161754044
"GTACC","GGTAC",421,40,210,48,314,1.24556525670884,0.350648361131902
"GTTAG","CTAAC",422,46,204,83,279,0.758313302673385,0.190822253406603
"GTTTG","CAAAC",423,81,169,107,255,1.14197988120947,0.476386153305526
"GTTGG","CCAAC",424,72,178,101,261,1.04517036867948,0.855174147756859
"GTTGC","GCAAC",425,65,185,97,265,0.959931378987273,0.852513715041601
"GTTCG","CGAAC",426,13,237,26,336,0.709247215705827,0.400606758686129
"GTTCC","GGAAC",427,52,198,96,266,0.728069290110697,0.124266461207474
"GTGAG","CTCAC",428,115,135,179,183,0.871086352730426,0.411584661833612
"GTGAC","GTCAC",429,60,190,88,274,0.983278981964029,1
"GTGTG","CACAC",430,97,153,130,232,1.13119078104306,0.496213927774503
"GTGGG","CCCAC",431,85,165,128,234,0.941826606227868,0.795712059753583
"GTGGC","GCCAC",432,91,159,136,226,0.951129938504668,0.798728242742518
"GTGCG","CGCAC",433,10,240,17,345,0.84582742352618,0.841738261784209
"GTGCC","GGCAC",434,68,182,105,257,0.914644750974826,0.648799117949939
"GTCAG","CTGAC",435,76,174,111,251,0.987696183426506,1
"GTCTG","CAGAC",436,61,189,120,242,0.651338880930147,0.0241461471261153
"GTCGG","CCGAC",437,13,237,15,347,1.26840155927548,0.559525162803873
"GTCGC","GCGAC",438,8,242,15,347,0.7650650930081,0.667237269938526
"GTCCG","CGGAC",439,16,234,15,347,1.58050574897966,0.260577093443894
"GTCCC","GGGAC",440,61,189,88,274,1.00492262748475,1
"GGAAG","CTTCC",441,110,140,150,212,1.11028394302113,0.560648941922742
"GGATG","CATCC",442,73,177,92,270,1.21000013372175,0.309243210740523
"GGAGG","CCTCC",443,123,127,181,181,0.968541521987834,0.869556002378772
"GGAGC","GCTCC",444,55,195,94,268,0.804431414090117,0.292153804801354
"GGACG","CGTCC",445,19,231,26,336,1.06282566111027,0.875561990963455
"GGACC","GGTCC",446,38,212,68,294,0.775291339059075,0.277795798884075
"GGTAG","CTACC",447,44,206,67,295,0.940521217407686,0.831254519847411
"GGTTG","CAACC",448,65,185,97,265,0.959931378987273,0.852513715041601
"GGTGG","CCACC",449,93,157,157,205,0.773788753543319,0.132855388706584
"GGTGC","GCACC",450,52,198,89,273,0.805867003009989,0.284448523021728
"GGTCG","CGACC",451,15,235,15,347,1.47559763229384,0.342324266106389
"GGGAG","CTCCC",452,98,152,161,201,0.805209085781419,0.21213879120482
"GGGTG","CACCC",453,77,173,117,245,0.932154581114354,0.724126985114417
"GGGGG","CCCCC",454,47,203,76,286,0.871468160135571,0.539024267577271
"GGGGC","GCCCC",455,66,184,70,292,1.49521966231848,0.0476770398989902
"GGGCG","CGCCC",456,26,224,44,318,0.839117957411689,0.521521182536564
"GGGCC","GGCCC",457,48,202,72,290,0.957154939077067,0.917554963555906
"GGCAG","CTGCC",458,96,154,155,207,0.83276103201572,0.278664244913168
"GGCTG","CAGCC",459,108,142,160,202,0.960257729649092,0.868375834256937
"GGCGG","CCGCC",460,30,220,52,310,0.813208825838923,0.469098237757366
"GGCGC","GCGCC",461,20,230,28,334,1.03722860310195,1
"GGCCG","CGGCC",462,17,233,38,324,0.62255465838701,0.149943398353828
"GCAAG","CTTGC",463,68,182,107,255,0.890586614402375,0.585172793535804
"GCATG","CATGC",464,80,170,107,255,1.12128183164718,0.532982131058234
"GCAGG","CCTGC",465,93,157,145,217,0.886667496597048,0.500411163986873
"GCAGC","GCTGC",466,67,183,103,259,0.920779263041228,0.713578825698903
"GCACG","CGTGC",467,20,230,33,329,0.867143961159995,0.663643712508649
"GCTAG","CTAGC",468,30,220,45,317,0.960662897177144,0.900869999169515
"GCTTG","CAAGC",469,88,162,107,255,1.29399389402475,0.158009876065402
"GCTGG","CCAGC",470,111,139,176,186,0.844170951996075,0.323266711550724
"GCTCG","CGAGC",471,8,242,19,343,0.597258312076348,0.316662304276326
"GCGAG","CTCGC",472,12,238,38,324,0.430448060916673,0.0108907878070465
"GCGTG","CACGC",473,28,222,49,313,0.80594350021328,0.457226330215126
"GCGGG","CCCGC",474,23,227,34,328,0.977489785821706,1
"GCGGC","GCCGC",475,14,236,18,344,1.1334725566468,0.716773273161094
"GCGCG","CGCGC",476,7,243,15,347,0.666815959338956,0.508636010233245
"GCCAG","CTGGC",477,75,175,155,207,0.572880508034261,0.00127852905532965
"GCCTG","CAGGC",478,106,144,162,200,0.90892170795763,0.619059386884378
"GCCGG","CCGGC",479,17,233,30,332,0.807716715644262,0.539729771417347
"GCCCG","CGGGC",480,22,228,33,329,0.962043980164388,1
"CAAAG","CTTTG",481,114,136,173,189,0.915892178075495,0.621431955615711
"CAATG","CATTG",482,81,169,133,229,0.825503704664274,0.300879742501988
"CAAGG","CCTTG",483,83,167,128,234,0.908731441276904,0.604378666754448
"CAACG","CGTTG",484,17,233,14,348,1.81174152307058,0.132817024976494
"CATAG","CTATG",485,71,179,95,267,1.11458878007626,0.579527862013642
"CATGG","CCATG",486,96,154,119,243,1.27242238043612,0.168725369129359
"CATCG","CGATG",487,10,240,18,344,0.796586729392649,0.694960909800601
"CAGAG","CTCTG",488,128,122,184,178,1.01494626847559,0.934639175996964
"CAGTG","CACTG",489,112,138,179,183,0.829987391495615,0.28457190134031
"CAGGG","CCCTG",490,86,164,126,236,0.982217368118056,0.931339055573743
"CAGCG","CGCTG",491,20,230,35,327,0.812693942221852,0.565685659020583
"CACAG","CTGTG",492,99,151,161,201,0.818789376909561,0.244770556342104
"CACGG","CCGTG",493,20,230,35,327,0.812693942221852,0.565685659020583
"CACCG","CGGTG",494,19,231,34,328,0.7937757546629,0.468232754973152
"CTAAG","CTTAG",495,51,199,95,267,0.720669207888377,0.101623177337154
"CTAGG","CCTAG",496,54,196,75,287,1.0541763735242,0.840339383876068
"CTACG","CGTAG",497,12,238,17,345,1.02320375147679,1
"CTTGG","CCAAG",498,82,168,140,222,0.774306426590454,0.146510770941836
"CTTCG","CGAAG",499,12,238,27,335,0.626041630422807,0.238553313218101
"CTGAG","CTCAG",500,120,130,189,173,0.845169217305444,0.324207034275514
"CTGGG","CCCAG",501,124,126,185,177,0.941680057370567,0.742478367066851
"CTGCG","CGCAG",502,18,232,35,327,0.72524828075167,0.309324820178095
"CTCGG","CCGAG",503,27,223,59,303,0.622266047469208,0.0587453383867853
"CTCCG","CGGAG",504,29,221,40,322,1.05622439876055,0.89670024071677
"CGAGG","CCTCG",505,26,224,46,316,0.797650981816358,0.444294831881651
"CGACG","CGTCG",506,3,247,4,358,1.08689438595234,1
"CGTGG","CCACG",507,22,228,42,320,0.735532679746531,0.28505588634215
"CGGGG","CCCCG",508,28,222,44,318,0.911658347160297,0.798852612019322
"CGGCG","CGCCG",509,1,249,5,357,0.287224809921064,0.409042711146753
"CGCGG","CCGCG",510,3,247,9,353,0.476908783760532,0.376527163235734
"CCAGG","CCTGG",511,115,135,174,188,0.920516897466446,0.622182704833695
"CCGGG","CCCGG",512,27,223,38,324,1.03229855220834,0.894791141896354
