"X1","X2","feature_no","VOI_pre","VOI_abs","CS_pre","CS_abs","chi_fis","stat_OR","p_value"
"AAAAA","TTTTT",1,251,104,167,92,"fis",1.32892555154736,0.114680479314596
"AAAAT","ATTTT",2,245,110,178,81,"fis",1.01351515773693,1
"AAAAG","CTTTT",3,210,145,151,108,"fis",1.03581477727902,0.868235811751324
"AAAAC","GTTTT",4,195,160,119,140,"fis",1.43294772906613,0.0334795802865617
"AAATA","TATTT",5,223,132,151,108,"fis",1.20792547311308,0.276671001401007
"AAATT","AATTT",6,176,179,132,127,"fis",0.946105177215523,0.744382309648036
"AAATG","CATTT",7,195,160,144,115,"fis",0.973341737705391,0.934524885647099
"AAATC","GATTT",8,155,200,95,164,"fis",1.33724878407409,0.0961642495455484
"AAAGA","TCTTT",9,199,156,140,119,"fis",1.08415104906763,0.623202156513282
"AAAGT","ACTTT",10,186,169,116,143,"fis",1.35606787672171,0.0721204800455878
"AAAGG","CCTTT",11,158,197,112,147,"fis",1.05260776347419,0.805006379921977
"AAAGC","GCTTT",12,121,234,109,150,"fis",0.712012896461482,0.0520668829841383
"AAACA","TGTTT",13,197,158,123,136,"fis",1.37786580769656,0.059846697321226
"AAACT","AGTTT",14,165,190,106,153,"fis",1.25300659041105,0.188144362441318
"AAACG","CGTTT",15,32,323,16,243,"fis",1.50367364928054,0.22473000075821
"AAACC","GGTTT",16,140,215,92,167,"fis",1.18167812471384,0.354097560566391
"AATAA","TTATT",17,190,165,122,137,"fis",1.29253773164481,0.121136419389202
"AATAT","ATATT",18,138,217,99,160,"fis",1.02775123730334,0.933126395298082
"AATAG","CTATT",19,130,225,78,181,"fis",1.34009457636349,0.101175030864759
"AATAC","GTATT",20,138,217,95,164,"fis",1.09767416742399,0.613732317670491
"AATTA","TAATT",21,158,197,103,156,"fis",1.21433619343086,0.248284158449275
"AATTG","CAATT",22,121,234,78,181,"fis",1.19956595942128,0.336959562756741
"AATTC","GAATT",23,130,225,82,177,"fis",1.2467028296734,0.228938913943887
"AATGA","TCATT",24,152,203,120,139,"fis",0.867527879825388,0.411121988171543
"AATGT","ACATT",25,147,208,116,143,"fis",0.871427344240428,0.410178593580156
"AATGG","CCATT",26,137,218,90,169,"fis",1.17975136021881,0.352295654510538
"AATGC","GCATT",27,113,242,89,170,"fis",0.892080516376717,0.542959216805953
"AATCA","TGATT",28,149,206,108,151,"fis",1.01126486544805,1
"AATCT","AGATT",29,117,238,91,168,"fis",0.907707971904148,0.604777113748545
"AATCG","CGATT",30,30,325,25,234,"fis",0.864210225647882,0.6683004130341
"AATCC","GGATT",31,140,215,83,176,"fis",1.38004336628146,0.0621716992450426
"AAGAA","TTCTT",32,208,147,128,131,"fis",1.4472140793397,0.0267299996824365
"AAGAT","ATCTT",33,130,225,98,161,"fis",0.949306671605359,0.799830553525586
"AAGAG","CTCTT",34,139,216,115,144,"fis",0.806089784137712,0.213405615761268
"AAGAC","GTCTT",35,124,231,97,162,"fis",0.896667143517438,0.551539008669584
"AAGTA","TACTT",36,122,233,91,168,"fis",0.966690679901648,0.863922846908664
"AAGTT","AACTT",37,143,212,96,163,"fis",1.14503859265185,0.451012802782392
"AAGTG","CACTT",38,159,196,123,136,"fis",0.897124100479815,0.513050453176586
"AAGTC","GACTT",39,93,262,72,187,"fis",0.922037935598935,0.712451948098784
"AAGGA","TCCTT",40,168,187,105,154,"fis",1.31704182629349,0.10052589898384
"AAGGT","ACCTT",41,104,251,82,177,"fis",0.89453863016568,0.534936622716328
"AAGGG","CCCTT",42,106,249,95,164,"fis",0.735285092019154,0.0818415430451811
"AAGGC","GCCTT",43,101,254,80,179,"fis",0.889886474319722,0.531209805556083
"AAGCA","TGCTT",44,149,206,117,142,"fis",0.87804153234551,0.458287105438504
"AAGCT","AGCTT",45,98,257,95,164,"fis",0.658760346227153,0.0176961588922234
"AAGCG","CGCTT",46,31,324,26,233,"fis",0.857650977740293,0.577154756292069
"AAGCC","GGCTT",47,101,254,78,181,"fis",0.922845515177315,0.654299579982374
"AACAA","TTGTT",48,161,194,121,138,"fis",0.946598373851543,0.743642057036846
"AACAT","ATGTT",49,152,203,114,145,"fis",0.952482133510406,0.804748467177416
"AACAG","CTGTT",50,138,217,92,167,"fis",1.15410676090946,0.40024642434196
"AACAC","GTGTT",51,136,219,77,182,"fis",1.46689956294973,0.031790255441115
"AACTA","TAGTT",52,93,262,71,188,"fis",0.939998858901763,0.78187608146304
"AACTG","CAGTT",53,139,216,87,172,"fis",1.27173952761552,0.175370961115819
"AACTC","GAGTT",54,133,222,88,171,"fis",1.16386909187757,0.395234558652884
"AACGA","TCGTT",55,28,327,7,252,"fis",3.07752220125432,0.00741618316248622
"AACGT","ACGTT",56,30,325,20,239,"fis",1.10293761570757,0.767614424286574
"AACGG","CCGTT",57,24,331,15,244,"fis",1.17914270045004,0.738165694663366
"AACGC","GCGTT",58,11,344,14,245,"fis",0.560147436278791,0.213937501021695
"AACCA","TGGTT",59,120,235,85,174,"fis",1.04524834550277,0.862464447856114
"AACCT","AGGTT",60,134,221,100,159,"fis",0.964108571173591,0.866465987535094
"AACCG","CGGTT",61,24,331,14,245,"fis",1.2683984374714,0.611451566872805
"AACCC","GGGTT",62,115,240,82,177,"fis",1.03425162725215,0.861447710885255
"ATAAA","TTTAT",63,195,160,126,133,"fis",1.28591441618357,0.140872810998778
"ATAAT","ATTAT",64,147,208,86,173,"fis",1.42085040723007,0.0433073421945777
"ATAAG","CTTAT",65,118,237,70,189,"fis",1.34365272365172,0.110647900496732
"ATAAC","GTTAT",66,95,260,59,200,"fis",1.23816097527963,0.29982567319322
"ATATA","TATAT",67,114,241,71,188,"fis",1.25206699415516,0.214082300327
"ATATG","CATAT",68,114,241,72,187,"fis",1.22814867099704,0.285981707547929
"ATATC","GATAT",69,70,285,66,193,"fis",0.71864341459016,0.0949888429475437
"ATAGA","TCTAT",70,116,239,83,176,"fis",1.02914677833018,0.930456832959809
"ATAGT","ACTAT",71,94,261,78,181,"fis",0.835991374518152,0.362911214277969
"ATAGG","CCTAT",72,99,256,65,194,"fis",1.15393742857533,0.461030078490971
"ATAGC","GCTAT",73,70,285,53,206,"fis",0.954751638957975,0.838663259889504
"ATACA","TGTAT",74,141,214,105,154,"fis",0.966390247607161,0.867696082336819
"ATACT","AGTAT",75,114,241,68,191,"fis",1.32803796177064,0.128464425714275
"ATACG","CGTAT",76,19,336,10,249,"fis",1.40727313954586,0.444997496905311
"ATACC","GGTAT",77,82,273,58,201,"fis",1.04086697608512,0.846302348878768
"ATTAA","TTAAT",78,128,227,99,160,"fis",0.911455004573112,0.611885408219033
"ATTAG","CTAAT",79,126,229,96,163,"fis",0.934329045202861,0.733827225891448
"ATTAC","GTAAT",80,136,219,74,185,"fis",1.55138499013454,0.0125982861897249
"ATTTA","TAAAT",81,170,185,114,145,"fis",1.16850012629226,0.367644292424958
"ATTTG","CAAAT",82,159,196,105,154,"fis",1.18945557998645,0.322128238109876
"ATTTC","GAAAT",83,166,189,112,147,"fis",1.15250843652271,0.412111534070968
"ATTGA","TCAAT",84,111,244,93,166,"fis",0.81228883640981,0.259424040869335
"ATTGT","ACAAT",85,115,240,86,173,"fis",0.963941374753846,0.861918896083298
"ATTGG","CCAAT",86,89,266,76,183,"fis",0.805942708475766,0.268717870051833
"ATTGC","GCAAT",87,119,236,68,191,"fis",1.41550617569007,0.0621528769905818
"ATTCA","TGAAT",88,141,214,95,164,"fis",1.13719284541428,0.451082419851538
"ATTCT","AGAAT",89,180,175,114,145,"fis",1.30768296307758,0.102862392575989
"ATTCG","CGAAT",90,16,339,17,242,"fis",0.672330019059925,0.281173154438269
"ATTCC","GGAAT",91,108,247,91,168,"fis",0.807516490418091,0.222880047855692
"ATGAA","TTCAT",92,153,202,101,158,"fis",1.18455350949119,0.320350332093872
"ATGAT","ATCAT",93,112,243,90,169,"fis",0.865685604238729,0.434103274499823
"ATGAG","CTCAT",94,107,248,114,145,"fis",0.5493170433591,0.000476481626741195
"ATGAC","GTCAT",95,94,261,63,196,"fis",1.12026956199191,0.574860013508955
"ATGTA","TACAT",96,111,244,80,179,"fis",1.01785234775843,0.929916504499023
"ATGTG","CACAT",97,146,209,122,137,"fis",0.784774825912302,0.161293599013662
"ATGTC","GACAT",98,100,255,70,189,"fis",1.05874889951899,0.784547294425371
"ATGGA","TCCAT",99,135,220,104,155,"fis",0.914688446307791,0.615597898104874
"ATGGT","ACCAT",100,115,240,83,176,"fis",1.01604008243644,1
"ATGGG","CCCAT",101,111,244,102,157,"fis",0.700646504758661,0.0396204201256892
"ATGGC","GCCAT",102,103,252,79,180,"fis",0.931392658115373,0.720738400679399
"ATGCA","TGCAT",103,104,251,82,177,"fis",0.89453863016568,0.534936622716328
"ATGCT","AGCAT",104,116,239,97,162,"fis",0.810880470811362,0.230179414032448
"ATGCG","CGCAT",105,17,338,15,244,"fis",0.818421772450878,0.586591550752517
"ATGCC","GGCAT",106,108,247,89,170,"fis",0.835442612584852,0.335684641276253
"ATCAA","TTGAT",107,125,230,85,174,"fis",1.11233852124339,0.547759416827296
"ATCAG","CTGAT",108,109,246,92,167,"fis",0.804599019183499,0.223303149924959
"ATCAC","GTGAT",109,115,240,99,160,"fis",0.774746827680854,0.14523674369848
"ATCTA","TAGAT",110,89,266,60,199,"fis",1.10951699902315,0.633979257186071
"ATCTG","CAGAT",111,116,239,90,169,"fis",0.91152919774183,0.60441707143712
"ATCTC","GAGAT",112,126,229,113,146,"fis",0.711317752374727,0.0444984458148066
"ATCGA","TCGAT",113,14,341,12,247,"fis",0.845301181622238,0.689382996826742
"ATCGT","ACGAT",114,26,329,17,242,"fis",1.12473451595366,0.751382909211747
"ATCGG","CCGAT",115,12,343,8,251,"fis",1.09752964492931,1
"ATCGC","GCGAT",116,36,319,20,239,"fis",1.34794523396826,0.323899011546127
"ATCCA","TGGAT",117,104,251,86,173,"fis",0.833757439042504,0.331033899837948
"ATCCT","AGGAT",118,138,217,93,166,"fis",1.13489195205576,0.499911272052083
"ATCCG","CGGAT",119,19,336,11,248,"fis",1.27439680565985,0.574784157266351
"ATCCC","GGGAT",120,112,243,76,183,"fis",1.10962326254069,0.59515238605221
"AGAAA","TTTCT",121,234,121,162,97,"fis",1.15766095412205,0.394547093534485
"AGAAG","CTTCT",122,165,190,121,138,"fis",0.990444720110357,1
"AGAAC","GTTCT",123,119,236,90,169,"fis",0.946945933127957,0.795968713692461
"AGATA","TATCT",124,104,251,89,170,"fis",0.791754173171662,0.187787959618625
"AGATG","CATCT",125,139,216,122,137,"fis",0.723040782121176,0.057231406150753
"AGATC","GATCT",126,77,278,57,202,"fis",0.981596711139018,0.921584161135335
"AGAGA","TCTCT",127,165,190,139,120,"fis",0.750079397048101,0.0862710531970879
"AGAGT","ACTCT",128,136,219,96,163,"fis",1.05435059006174,0.800511002404161
"AGAGG","CCTCT",129,131,224,107,152,"fis",0.831032132819257,0.276585992242156
"AGAGC","GCTCT",130,106,249,86,173,"fis",0.85657684565178,0.379769493563794
"AGACA","TGTCT",131,163,192,117,142,"fis",1.03032061060036,0.869965480195627
"AGACT","AGTCT",132,138,217,102,157,"fis",0.978882549946157,0.933322629913836
"AGACG","CGTCT",133,37,318,22,237,"fis",1.25297568623734,0.488875751355578
"AGACC","GGTCT",134,119,236,71,188,"fis",1.33453162315134,0.112190724265562
"AGTAA","TTACT",135,127,228,81,178,"fis",1.223658074179,0.26224678942162
"AGTAG","CTACT",136,127,228,87,172,"fis",1.1010569657682,0.607298964021337
"AGTAC","GTACT",137,56,299,29,230,"fis",1.48447368876476,0.123891006368278
"AGTTA","TAACT",138,113,242,73,186,"fis",1.18940585077143,0.373968381177393
"AGTTG","CAACT",139,107,248,87,172,"fis",0.853210891765092,0.3802026504306
"AGTTC","GAACT",140,108,247,81,178,"fis",0.960901247945574,0.859594185631679
"AGTGA","TCACT",141,171,184,138,121,"fis",0.81514036152509,0.220967691626189
"AGTGT","ACACT",142,120,235,97,162,"fis",0.853044803504633,0.392722188628687
"AGTGG","CCACT",143,148,207,102,157,"fis",1.10032989749893,0.617849201521806
"AGTGC","GCACT",144,128,227,84,175,"fis",1.17443374908246,0.390221796971699
"AGTCA","TGACT",145,103,252,82,177,"fis",0.882442026867681,0.533105582600878
"AGTCG","CGACT",146,19,336,6,253,"fis",2.38134489427325,0.065179110869145
"AGTCC","GGACT",147,101,254,69,190,"fis",1.09476814796966,0.648614234243485
"AGGAA","TTCCT",148,163,192,132,127,"fis",0.81707624955423,0.221071077334024
"AGGAG","CTCCT",149,167,188,135,124,"fis",0.816194349581367,0.221125855820559
"AGGAC","GTCCT",150,95,260,79,180,"fis",0.832777636320552,0.319702473822443
"AGGTA","TACCT",151,104,251,85,174,"fis",0.848416829975708,0.376385782017386
"AGGTG","CACCT",152,129,226,97,162,"fis",0.953389038974068,0.799679214925145
"AGGTC","GACCT",153,109,246,66,193,"fis",1.2951531864563,0.174725009852887
"AGGGA","TCCCT",154,124,231,104,155,"fis",0.800334316514235,0.204747789367703
"AGGGT","ACCCT",155,92,263,81,178,"fis",0.769062036375406,0.147469578134558
"AGGGG","CCCCT",156,104,251,82,177,"fis",0.89453863016568,0.534936622716328
"AGGGC","GCCCT",157,76,279,68,191,"fis",0.765476368884479,0.177266300527226
"AGGCA","TGCCT",158,173,182,132,127,"fis",0.91467761615592,0.624059129185591
"AGGCT","AGCCT",159,143,212,109,150,"fis",0.928363253052838,0.678299636642905
"AGGCG","CGCCT",160,60,295,37,222,"fis",1.21994636865337,0.433199211933921
"AGGCC","GGCCT",161,106,249,78,181,"fis",0.987865975572265,1
"AGCAA","TTGCT",162,144,211,118,141,"fis",0.815766136149679,0.247431411765259
"AGCAG","CTGCT",163,126,229,96,163,"fis",0.934329045202861,0.733827225891448
"AGCAC","GTGCT",164,115,240,81,178,"fis",1.0529171857882,0.793016717736062
"AGCTA","TAGCT",165,112,243,85,174,"fis",0.943600481633355,0.792924606826901
"AGCTG","CAGCT",166,128,227,128,131,"fis",0.577608476500663,0.00120796864757711
"AGCTC","GAGCT",167,92,263,84,175,"fis",0.729166119954437,0.0861425295286284
"AGCGA","TCGCT",168,41,314,27,232,"fis",1.12173026550419,0.697675207353363
"AGCGT","ACGCT",169,20,335,13,246,"fis",1.12948395327901,0.856729436959171
"AGCGG","CCGCT",170,21,334,19,240,"fis",0.794509935840475,0.510458320225743
"AGCGC","GCGCT",171,15,340,14,245,"fis",0.772397033340186,0.564820485424862
"AGCCA","TGGCT",172,168,187,122,137,"fis",1.00884075315662,1
"AGCCG","CGGCT",173,41,314,34,225,"fis",0.864297783081841,0.617988895184918
"AGCCC","GGGCT",174,87,268,80,179,"fis",0.726751177085369,0.0818805588750907
"ACAAA","TTTGT",175,194,161,138,121,"fis",1.05641423820662,0.743642057036846
"ACAAG","CTTGT",176,121,234,79,180,"fis",1.17787341823785,0.383486383483364
"ACAAC","GTTGT",177,100,255,63,196,"fis",1.2196486125999,0.309342762292537
"ACATA","TATGT",178,140,215,98,161,"fis",1.06962548378862,0.737374242641674
"ACATG","CATGT",179,118,237,98,161,"fis",0.818238757266807,0.266042210977485
"ACATC","GATGT",180,77,278,73,186,"fis",0.706149424773822,0.0709608755403404
"ACAGA","TCTGT",181,171,184,127,132,"fis",0.965974590086308,0.870207739909309
"ACAGT","ACTGT",182,150,205,74,185,"fis",1.82749926560697,0.000505906057160225
"ACAGG","CCTGT",183,151,204,120,139,"fis",0.85761266828987,0.36601515598932
"ACAGC","GCTGT",184,101,254,88,171,"fis",0.773021161428851,0.156883572847303
"ACACA","TGTGT",185,146,209,86,173,"fis",1.40446032829847,0.0525299225398264
"ACACG","CGTGT",186,31,324,24,235,"fis",0.936959869969788,0.886445937349711
"ACACC","GGTGT",187,109,246,93,166,"fis",0.791204683955681,0.192270636599669
"ACTAA","TTAGT",188,120,235,66,193,"fis",1.49224963975333,0.0326877126714459
"ACTAG","CTAGT",189,63,292,35,224,"fis",1.38010594735198,0.180776779007127
"ACTAC","GTAGT",190,84,271,56,203,"fis",1.12340351121877,0.560817668863434
"ACTTA","TAAGT",191,117,238,85,174,"fis",1.00631725260771,1
"ACTTG","CAAGT",192,107,248,104,155,"fis",0.643520364256895,0.0125010200945988
"ACTTC","GAAGT",193,116,239,89,170,"fis",0.927199000052622,0.66587453464767
"ACTGA","TCAGT",194,130,225,96,163,"fis",0.98104301356931,0.932589891508015
"ACTGG","CCAGT",195,123,232,86,173,"fis",1.06636463918516,0.730708193734419
"ACTGC","GCAGT",196,125,230,94,165,"fis",0.954077848728366,0.798435829320211
"ACTCA","TGAGT",197,124,231,91,168,"fis",0.991022171046038,1
"ACTCG","CGAGT",198,37,318,21,238,"fis",1.31807452013838,0.402162451858741
"ACTCC","GGAGT",199,140,215,83,176,"fis",1.38004336628146,0.0621716992450426
"ACGAA","TTCGT",200,28,327,9,250,"fis",2.37542170546507,0.0254134951962117
"ACGAG","CTCGT",201,30,325,22,237,"fis",0.994414166982464,1
"ACGAC","GTCGT",202,12,343,8,251,"fis",1.09752964492931,1
"ACGTA","TACGT",203,20,335,13,246,"fis",1.12948395327901,0.856729436959171
"ACGTG","CACGT",204,32,323,24,235,"fis",0.970106262966778,1
"ACGTC","GACGT",205,18,337,11,248,"fis",1.20384879156131,0.703006135644203
"ACGGA","TCCGT",206,26,329,20,239,"fis",0.94448074990871,0.87749624960083
"ACGGT","ACCGT",207,28,327,17,242,"fis",1.21853642011244,0.638603387076717
"ACGGG","CCCGT",208,33,322,30,229,"fis",0.782623362461831,0.419292830672769
"ACGGC","GCCGT",209,13,342,14,245,"fis",0.665668973223027,0.32339557449147
"ACGCA","TGCGT",210,14,341,19,240,"fis",0.519155969314082,0.0718376573678624
"ACGCG","CGCGT",211,5,350,1,258,"fis",3.67931670740637,0.409221198025059
"ACGCC","GGCGT",212,38,317,26,233,"fis",1.07415045867726,0.893745689740125
"ACCAA","TTGGT",213,121,234,72,187,"fis",1.34235909058903,0.113062960334117
"ACCAG","CTGGT",214,124,231,91,168,"fis",0.991022171046038,1
"ACCAC","GTGGT",215,119,236,89,170,"fis",0.963186498811727,0.863038321304405
"ACCTA","TAGGT",216,93,262,52,207,"fis",1.41222891432118,0.0837498535890392
"ACCTG","CAGGT",217,129,226,100,159,"fis",0.907711252505579,0.612273642561055
"ACCTC","GAGGT",218,139,216,103,156,"fis",0.974679354938924,0.933378705499105
"ACCGA","TCGGT",219,21,334,10,249,"fis",1.5644710947294,0.269642661795218
"ACCGG","CCGGT",220,19,336,14,245,"fis",0.989598472099739,1
"ACCGC","GCGGT",221,22,333,12,247,"fis",1.35919531178159,0.476588060394877
"ACCCA","TGGGT",222,123,232,110,149,"fis",0.718550291619801,0.0529530566240247
"ACCCG","CGGGT",223,30,325,23,236,"fis",0.947260664970437,0.884871837345385
"ACCCC","GGGGT",224,97,258,81,178,"fis",0.826468187371817,0.32190949906044
"TAAAA","TTTTA",225,216,139,164,95,"fis",0.900312542939484,0.556496180236232
"TAAAG","CTTTA",226,146,209,89,170,"fis",1.33370075263172,0.0932440386022457
"TAAAC","GTTTA",227,109,246,83,176,"fis",0.939662539817552,0.725358962550961
"TAATA","TATTA",228,137,218,85,174,"fis",1.28592132253161,0.148932521649741
"TAATG","CATTA",229,116,239,86,173,"fis",0.976383625934074,0.930750313356853
"TAATC","GATTA",230,119,236,66,193,"fis",1.47357454357438,0.0329692064123117
"TAAGA","TCTTA",231,124,231,88,171,"fis",1.04303768266874,0.863582959979062
"TAAGG","CCTTA",232,95,260,57,202,"fis",1.29432787645859,0.186177124575365
"TAAGC","GCTTA",233,76,279,55,204,"fis",1.01034539483296,1
"TAACA","TGTTA",234,117,238,72,187,"fis",1.27627558634894,0.18473628498906
"TAACG","CGTTA",235,25,330,9,250,"fis",2.10199154706376,0.0729593616970706
"TAACC","GGTTA",236,63,292,51,208,"fis",0.880122200070944,0.599442213341903
"TATAA","TTATA",237,134,221,72,187,"fis",1.57360817578737,0.0119971973003839
"TATAG","CTATA",238,86,269,67,192,"fis",0.916294674836096,0.705616163886269
"TATAC","GTATA",239,85,270,54,205,"fis",1.19478446747951,0.381027241211901
"TATTG","CAATA",240,104,251,79,180,"fis",0.944172168253956,0.788842994843114
"TATTC","GAATA",241,125,230,72,187,"fis",1.41073505597189,0.0545679724541328
"TATGA","TCATA",242,105,250,63,196,"fis",1.306096973865,0.169243120407667
"TATGG","CCATA",243,81,274,58,201,"fis",1.02444118882921,0.922496498992275
"TATGC","GCATA",244,67,288,56,203,"fis",0.843556310478162,0.415339424271871
"TATCA","TGATA",245,103,252,74,185,"fis",1.02179310810557,0.928301971599294
"TATCG","CGATA",246,19,336,5,254,"fis",2.8682190668014,0.034755123522
"TATCC","GGATA",247,74,281,56,203,"fis",0.954727097394856,0.841783984586935
"TAGAA","TTCTA",248,128,227,101,158,"fis",0.882287144556736,0.499169232712117
"TAGAG","CTCTA",249,122,233,73,186,"fis",1.33348691595208,0.11436585967624
"TAGAC","GTCTA",250,76,279,43,216,"fis",1.36764941838131,0.148506047728514
"TAGTA","TACTA",251,110,245,60,199,"fis",1.48814881616867,0.035754282467136
"TAGTG","CACTA",252,91,264,62,197,"fis",1.09506542368233,0.638264465880048
"TAGTC","GACTA",253,77,278,51,208,"fis",1.12941396301816,0.61513748142256
"TAGGA","TCCTA",254,89,266,86,173,"fis",0.673524397040619,0.0299717752100392
"TAGGG","CCCTA",255,75,280,61,198,"fis",0.869640115826578,0.491968549931534
"TAGGC","GCCTA",256,64,291,66,193,"fis",0.643624366489712,0.0279404821199795
"TAGCA","TGCTA",257,82,273,69,190,"fis",0.827359160899579,0.342968555152907
"TAGCG","CGCTA",258,11,344,10,249,"fis",0.796526790780616,0.656555643028043
"TAGCC","GGCTA",259,73,282,63,196,"fis",0.805652719013032,0.280136712868713
"TACAA","TTGTA",260,125,230,89,170,"fis",1.03805412261457,0.863987591791479
"TACAG","CTGTA",261,136,219,117,142,"fis",0.754060419569235,0.0969887567107998
"TACAC","GTGTA",262,83,272,63,196,"fis",0.949447518903665,0.847835926258295
"TACTG","CAGTA",263,121,234,58,201,"fis",1.79029633784567,0.00165881068564715
"TACTC","GAGTA",264,91,264,63,196,"fis",1.07230125569604,0.777435097156133
"TACGA","TCGTA",265,23,332,10,249,"fis",1.72354585703799,0.204368468623224
"TACGG","CCGTA",266,10,345,11,248,"fis",0.653967152619584,0.373165937386629
"TACGC","GCGTA",267,8,347,6,253,"fis",0.972175144369565,1
"TACCA","TGGTA",268,87,268,62,197,"fis",1.03143014962779,0.924141968033712
"TACCG","CGGTA",269,18,337,14,245,"fis",0.934821839255879,0.8561999818112
"TACCC","GGGTA",270,67,288,42,217,"fis",1.20160972454275,0.454284384001723
"TTAAA","TTTAA",271,177,178,131,128,"fis",0.971644569110286,0.870498099920543
"TTAAG","CTTAA",272,110,245,80,179,"fis",1.00458451766843,1
"TTAAC","GTTAA",273,92,263,58,201,"fis",1.21189293844044,0.342206062097324
"TTATG","CATAA",274,115,240,79,180,"fis",1.09160484851279,0.660581676069297
"TTATC","GATAA",275,94,261,63,196,"fis",1.12026956199191,0.574860013508955
"TTAGA","TCTAA",276,122,233,62,197,"fis",1.66232880058102,0.00569811663173099
"TTAGG","CCTAA",277,81,274,86,173,"fis",0.595214981287389,0.00577827091879448
"TTAGC","GCTAA",278,100,255,82,177,"fis",0.846720525551601,0.371436585661793
"TTACA","TGTAA",279,151,204,102,157,"fis",1.13907803588007,0.455548737058688
"TTACG","CGTAA",280,28,327,12,247,"fis",1.76094324559117,0.135696597693744
"TTACC","GGTAA",281,83,272,62,197,"fis",0.969613826073944,0.923406831722925
"TTTAG","CTAAA",282,153,202,99,160,"fis",1.22371456316356,0.245135235377453
"TTTAC","GTAAA",283,111,244,84,175,"fis",0.947846416565429,0.792521925852037
"TTTTG","CAAAA",284,227,128,152,107,"fis",1.24793996231592,0.207371639610313
"TTTTC","GAAAA",285,212,143,151,108,"fis",1.06023152117193,0.740044590860587
"TTTGA","TCAAA",286,177,178,120,139,"fis",1.15155778094495,0.413901718517749
"TTTGG","CCAAA",287,173,182,112,147,"fis",1.24713806406103,0.19033013547611
"TTTGC","GCAAA",288,135,220,110,149,"fis",0.831455439131641,0.278804658490048
"TTTCA","TGAAA",289,205,150,129,130,"fis",1.37651229649992,0.0591256267930126
"TTTCG","CGAAA",290,29,326,11,248,"fis",2.00342970393339,0.0675312365494592
"TTTCC","GGAAA",291,162,193,135,124,"fis",0.771321247522094,0.120624093767866
"TTGAA","TTCAA",292,176,179,115,144,"fis",1.23076296569574,0.220010584416401
"TTGAG","CTCAA",293,147,208,113,146,"fis",0.91325753194385,0.619952270777868
"TTGAC","GTCAA",294,78,277,58,201,"fis",0.975878854098522,0.921805973194229
"TTGTG","CACAA",295,143,212,96,163,"fis",1.14503859265185,0.451012802782392
"TTGTC","GACAA",296,106,249,76,183,"fis",1.0250111400278,0.928802061153666
"TTGGA","TCCAA",297,113,242,105,154,"fis",0.685295503321948,0.0267893535773638
"TTGGG","CCCAA",298,136,219,103,156,"fis",0.940649858735049,0.737831334537123
"TTGGC","GCCAA",299,100,255,97,162,"fis",0.655422278740443,0.0180160021260252
"TTGCA","TGCAA",300,134,221,88,171,"fis",1.17790257935003,0.350509773796369
"TTGCG","CGCAA",301,15,340,19,240,"fis",0.557832652444924,0.109028674626825
"TTGCC","GGCAA",302,120,235,97,162,"fis",0.853044803504633,0.392722188628687
"TTCAG","CTGAA",303,148,207,121,138,"fis",0.81570565600265,0.218042200896201
"TTCAC","GTGAA",304,143,212,92,167,"fis",1.224008093579,0.240173585582096
"TTCTG","CAGAA",305,182,173,117,142,"fis",1.27629366239666,0.141853888974911
"TTCTC","GAGAA",306,172,183,139,120,"fis",0.811698463148111,0.220427024065482
"TTCGA","TCGAA",307,23,332,20,239,"fis",0.828123690833958,0.631512729420033
"TTCGG","CCGAA",308,20,335,18,241,"fis",0.799638500253903,0.503381049967753
"TTCGC","GCGAA",309,20,335,11,248,"fis",1.34536112043571,0.462977052690014
"TTCCA","TGGAA",310,163,192,135,124,"fis",0.780109152324829,0.141288654433665
"TTCCG","CGGAA",311,15,340,15,244,"fis",0.718053280961515,0.449093026027705
"TTCCC","GGGAA",312,133,222,108,151,"fis",0.837877240525385,0.315478610116986
"TGAAG","CTTCA",313,131,224,106,153,"fis",0.844367680693073,0.315303651239953
"TGAAC","GTTCA",314,145,210,89,170,"fis",1.31828429158,0.110271499453532
"TGATG","CATCA",315,102,253,88,171,"fis",0.783741333939567,0.184932805458559
"TGATC","GATCA",316,106,249,71,188,"fis",1.12699333986151,0.528715445944605
"TGAGA","TCTCA",317,176,179,137,122,"fis",0.875777639835964,0.462007900634595
"TGAGG","CCTCA",318,147,208,137,122,"fis",0.629850143454189,0.0053429393489049
"TGAGC","GCTCA",319,134,221,113,146,"fis",0.783729520188738,0.156746492222885
"TGACA","TGTCA",320,128,227,93,166,"fis",1.00647930968672,1
"TGACG","CGTCA",321,16,339,17,242,"fis",0.672330019059925,0.281173154438269
"TGACC","GGTCA",322,99,256,74,185,"fis",0.966831965089546,0.856348128941366
"TGTAG","CTACA",323,91,264,86,173,"fis",0.693840063385384,0.0471283772064873
"TGTAC","GTACA",324,53,302,38,221,"fis",1.02061999132058,1
"TGTTG","CAACA",325,140,215,100,159,"fis",1.03530273534619,0.867163399687383
"TGTTC","GAACA",326,127,228,89,170,"fis",1.06382438928593,0.732830785890743
"TGTGA","TCACA",327,165,190,109,150,"fis",1.19472366309879,0.286447863067637
"TGTGG","CCACA",328,130,225,116,143,"fis",0.712674858660137,0.0454902637635925
"TGTGC","GCACA",329,109,246,111,148,"fis",0.591288797495903,0.00215985798875324
"TGTCG","CGACA",330,21,334,12,247,"fis",1.29362870670743,0.587815176752778
"TGTCC","GGACA",331,100,255,81,178,"fis",0.861990118156689,0.420765356564838
"TGGAG","CTCCA",332,153,202,126,133,"fis",0.799804985870952,0.189350995936809
"TGGAC","GTCCA",333,87,268,67,192,"fis",0.930384352553044,0.707114798806634
"TGGTG","CACCA",334,145,210,119,140,"fis",0.812608181079114,0.216477473136462
"TGGTC","GACCA",335,109,246,71,188,"fis",1.17294540776412,0.419297168576821
"TGGGA","TCCCA",336,169,186,129,130,"fis",0.915777795472323,0.623993025859967
"TGGGG","CCCCA",337,119,236,103,156,"fis",0.764049358979016,0.125831949835223
"TGGGC","GCCCA",338,127,228,105,154,"fis",0.81723644594523,0.238872140158098
"TGGCA","TGCCA",339,142,213,117,142,"fis",0.809404807712908,0.214931971242377
"TGGCG","CGCCA",340,40,315,24,235,"fis",1.2429506292074,0.50402887494695
"TGGCC","GGCCA",341,94,261,88,171,"fis",0.700273744234573,0.0491427999711348
"TGCAG","CTGCA",342,142,213,119,140,"fis",0.784635567736295,0.159981217720893
"TGCAC","GTGCA",343,105,250,87,172,"fis",0.830603573323875,0.291873547571693
"TGCTG","CAGCA",344,149,206,128,131,"fis",0.740631096788278,0.0712047001310684
"TGCTC","GAGCA",345,95,260,74,185,"fis",0.913597619296807,0.647806226333154
"TGCGA","TCGCA",346,23,332,14,245,"fis",1.21197431364229,0.611302242819708
"TGCGG","CCGCA",347,18,337,18,241,"fis",0.715542978164918,0.385208481827977
"TGCGC","GCGCA",348,24,331,17,242,"fis",1.03211714924521,1
"TGCCG","CGGCA",349,12,343,22,237,"fis",0.377495128411264,0.00726053942752806
"TGCCC","GGGCA",350,115,240,92,167,"fis",0.869993073544206,0.437274504288936
"TCAAG","CTTGA",351,143,212,107,152,"fis",0.958246549892195,0.803529305855712
"TCAAC","GTTGA",352,81,274,50,209,"fis",1.23526942393966,0.319289020390799
"TCATG","CATGA",353,118,237,85,174,"fis",1.01918233423124,0.930965301659256
"TCATC","GATGA",354,86,269,80,179,"fis",0.715746657562666,0.0802928830729535
"TCAGA","TCTGA",355,139,216,107,152,"fis",0.914291982545434,0.617235644407656
"TCAGG","CCTGA",356,150,205,114,145,"fis",0.930789882302384,0.680403226295641
"TCAGC","GCTGA",357,128,227,115,144,"fis",0.706493397399937,0.0448176845761965
"TCACG","CGTGA",358,40,315,30,229,"fis",0.969346554997263,0.898520449814573
"TCACC","GGTGA",359,115,240,79,180,"fis",1.09160484851279,0.660581676069297
"TCTAG","CTAGA",360,75,280,53,206,"fis",1.04104670175482,0.919916102715724
"TCTAC","GTAGA",361,101,254,71,188,"fis",1.0528314375167,0.78573006363552
"TCTTG","CAAGA",362,142,213,104,155,"fis",0.993599434735723,1
"TCTTC","GAAGA",363,143,212,103,156,"fis",1.02158500621285,0.933615929032159
"TCTGG","CCAGA",364,146,209,104,155,"fis",1.04107907621602,0.867925746827056
"TCTGC","GCAGA",365,124,231,117,142,"fis",0.651978303032828,0.0120223738670357
"TCTCG","CGAGA",366,56,299,36,223,"fis",1.15988461021245,0.567798922662851
"TCTCC","GGAGA",367,142,213,121,138,"fis",0.760684038154393,0.0994444682692896
"TCGAG","CTCGA",368,29,326,20,239,"fis",1.06294599452053,0.88114638411263
"TCGAC","GTCGA",369,15,340,7,252,"fis",1.58709097896506,0.382997113011355
"TCGTG","CACGA",370,26,329,28,231,"fis",0.652455302768572,0.14961729565673
"TCGTC","GACGA",371,20,335,13,246,"fis",1.12948395327901,0.856729436959171
"TCGGA","TCCGA",372,13,342,9,250,"fis",1.0557973792387,1
"TCGGG","CCCGA",373,38,317,21,238,"fis",1.35790510000561,0.332254355000662
"TCGGC","GCCGA",374,35,320,28,231,"fis",0.902496868842764,0.787891698709062
"TCGCG","CGCGA",375,9,346,5,254,"fis",1.32080198790067,0.786284257080641
"TCGCC","GGCGA",376,26,329,13,246,"fis",1.49449235193101,0.314982595287406
"TCCAG","CTGGA",377,172,183,131,128,"fis",0.918494561270646,0.624374295150417
"TCCAC","GTGGA",378,120,235,94,165,"fis",0.896495053300977,0.54876758304221
"TCCTG","CAGGA",379,193,162,141,118,"fis",0.997027757094207,1
"TCCTC","GAGGA",380,123,232,102,157,"fis",0.816328429743235,0.236187320025295
"TCCGG","CCGGA",381,19,336,14,245,"fis",0.989598472099739,1
"TCCGC","GCGGA",382,30,325,19,240,"fis",1.16570048321138,0.653628538297609
"TCCCG","CGGGA",383,49,306,24,235,"fis",1.56683034313502,0.100710636413599
"TCCCC","GGGGA",384,108,247,80,179,"fis",0.978367082378578,0.929459519131787
"GAAAG","CTTTC",385,149,206,121,138,"fis",0.825187079639345,0.250069849273844
"GAAAC","GTTTC",386,142,213,96,163,"fis",1.1317150676464,0.50240527212819
"GAATG","CATTC",387,129,226,95,164,"fis",0.985394922390746,0.932581867881979
"GAATC","GATTC",388,95,260,73,186,"fis",0.931089220250732,0.714487241497083
"GAAGG","CCTTC",389,112,243,93,166,"fis",0.822960810189533,0.26150314049052
"GAAGC","GCTTC",390,106,249,80,179,"fis",0.952610470815124,0.790305396875161
"GAACG","CGTTC",391,24,331,17,242,"fis",1.03211714924521,1
"GAACC","GGTTC",392,108,247,67,192,"fis",1.25254531625097,0.239581732303293
"GATAG","CTATC",393,70,285,61,198,"fis",0.797544406348065,0.273062120896849
"GATAC","GTATC",394,69,286,46,213,"fis",1.11692012604345,0.675409247133586
"GATTG","CAATC",395,83,272,75,184,"fis",0.748997834426926,0.134771034852945
"GATGG","CCATC",396,121,234,105,154,"fis",0.758761601774497,0.107905934214925
"GATGC","GCATC",397,74,281,60,199,"fis",0.87362451606213,0.490753814257902
"GATCG","CGATC",398,29,326,16,243,"fis",1.35038740616521,0.433446844082936
"GATCC","GGATC",399,74,281,52,207,"fis",1.0482492273508,0.84021410300225
"GAGAG","CTCTC",400,113,242,99,160,"fis",0.755016138817437,0.103304490297361
"GAGAC","GTCTC",401,139,216,100,159,"fis",1.02316169354875,0.933265016978854
"GAGTG","CACTC",402,145,210,87,172,"fis",1.36437681158257,0.0767362658986484
"GAGTC","GACTC",403,91,264,74,185,"fis",0.861955843450272,0.460993599125323
"GAGGG","CCCTC",404,91,264,90,169,"fis",0.647752369693976,0.0156471700052683
"GAGGC","GCCTC",405,140,215,117,142,"fis",0.790614055881853,0.159995482805065
"GAGCG","CGCTC",406,24,331,19,240,"fis",0.916017439601294,0.873026402146555
"GAGCC","GGCTC",407,118,237,100,159,"fis",0.79195823891071,0.17307198290027
"GACAG","CTGTC",408,127,228,94,165,"fis",0.977771037975235,0.932213257146338
"GACAC","GTGTC",409,87,268,65,194,"fis",0.968920373340506,0.924608447293874
"GACTG","CAGTC",410,104,251,74,185,"fis",1.03580677064655,0.857560353980039
"GACGG","CCGTC",411,31,324,26,233,"fis",0.857650977740293,0.577154756292069
"GACGC","GCGTC",412,9,346,12,247,"fis",0.535973427872364,0.180642350589407
"GACCG","CGGTC",413,14,341,7,252,"fis",1.47709858130617,0.502647164251332
"GACCC","GGGTC",414,59,296,70,189,"fis",0.538723380902281,0.00253069785238134
"GTAAG","CTTAC",415,92,263,59,200,"fis",1.18546778021709,0.394132472937932
"GTAAC","GTTAC",416,63,292,41,218,"fis",1.14692155598207,0.586402072270161
"GTATG","CATAC",417,69,286,48,211,"fis",1.06045126789366,0.835375148113583
"GTAGG","CCTAC",418,62,293,56,203,"fis",0.767410969171481,0.213841542236316
"GTAGC","GCTAC",419,76,279,58,201,"fis",0.944113038736585,0.767750757808509
"GTACG","CGTAC",420,11,344,9,250,"fis",0.888417224958056,0.821007154699385
"GTACC","GGTAC",421,51,304,36,223,"fis",1.03914187957996,0.907115211189964
"GTTAG","CTAAC",422,79,276,49,210,"fis",1.22630176321896,0.365363122368966
"GTTTG","CAAAC",423,101,254,93,166,"fis",0.710180676938067,0.0534402927881628
"GTTGG","CCAAC",424,100,255,77,182,"fis",0.927031703762542,0.718369578250778
"GTTGC","GCAAC",425,80,275,86,173,"fis",0.585708277332764,0.00426773957645995
"GTTCG","CGAAC",426,21,334,18,241,"fis",0.842058723930923,0.618650209822188
"GTTCC","GGAAC",427,86,269,64,195,"fis",0.97412442079655,0.924338855769627
"GTGAG","CTCAC",428,173,182,122,137,"fis",1.06729228763932,0.743621753099396
"GTGAC","GTCAC",429,79,276,69,190,"fis",0.788492600411938,0.215592704820107
"GTGTG","CACAC",430,133,222,96,163,"fis",1.01719496443253,0.932848798196967
"GTGGG","CCCAC",431,115,240,94,165,"fis",0.841333654015499,0.343016475969162
"GTGGC","GCCAC",432,122,233,99,160,"fis",0.846466273508343,0.349381139310917
"GTGCG","CGCAC",433,15,340,12,247,"fis",0.908232678138355,0.843668079747572
"GTGCC","GGCAC",434,87,268,85,174,"fis",0.665000470261265,0.0288251595387104
"GTCAG","CTGAC",435,108,247,79,180,"fis",0.996264742745358,1
"GTCTG","CAGAC",436,101,254,78,181,"fis",0.922845515177315,0.654299579982374
"GTCGG","CCGAC",437,17,338,9,250,"fis",1.39636755187462,0.543733293347356
"GTCGC","GCGAC",438,17,338,7,252,"fis",1.80899621888804,0.211734330658664
"GTCCG","CGGAC",439,15,340,14,245,"fis",0.772397033340186,0.564820485424862
"GTCCC","GGGAC",440,78,277,69,190,"fis",0.775723627448541,0.181878137628167
"GGAAG","CTTCC",441,146,209,113,146,"fis",0.902722505941806,0.562840958639029
"GGATG","CATCC",442,82,273,81,178,"fis",0.660539172399492,0.026392337694294
"GGAGG","CCTCC",443,169,186,137,122,"fis",0.809405569421827,0.220283939844834
"GGAGC","GCTCC",444,87,268,64,195,"fis",0.989113119875322,1
"GGACG","CGTCC",445,18,337,22,237,"fis",0.575943081674972,0.0991238702239372
"GGACC","GGTCC",446,53,302,51,208,"fis",0.716162136169762,0.12809521182288
"GGTAG","CTACC",447,63,292,45,214,"fis",1.02598816951427,0.915054119701212
"GGTTG","CAACC",448,98,257,69,190,"fis",1.04995360789355,0.854351920419527
"GGTGG","CCACC",449,135,220,116,143,"fis",0.756824555835593,0.0970155716452265
"GGTGC","GCACC",450,81,274,60,199,"fis",0.980499584250964,0.922913042795051
"GGTCG","CGACC",451,17,338,14,245,"fis",0.880363859841856,0.852292952385262
"GGGAG","CTCCC",452,156,199,101,158,"fis",1.22591706300449,0.2462719030773
"GGGTG","CACCC",453,102,253,93,166,"fis",0.720029236761563,0.0654375524087877
"GGGGG","CCCCC",454,72,283,52,207,"fis",1.01275526186176,1
"GGGGC","GCCCC",455,73,282,68,191,"fis",0.727504367962773,0.0998436525871093
"GGGCG","CGCCC",456,44,311,26,233,"fis",1.26738668306573,0.440642503030253
"GGGCC","GGCCC",457,64,291,58,201,"fis",0.762528211384545,0.184759284559372
"GGCAG","CTGCC",458,138,217,111,148,"fis",0.848159321473221,0.360004884428243
"GGCTG","CAGCC",459,156,199,117,142,"fis",0.95152615762713,0.805247288172412
"GGCGG","CCGCC",460,56,299,26,233,"fis",1.67704386458706,0.04151789010721
"GGCGC","GCGCC",461,30,325,18,241,"fis",1.23547702143956,0.544773634801053
"GGCCG","CGGCC",462,35,320,19,240,"fis",1.38086744666768,0.31390502000022
"GCAAG","CTTGC",463,99,256,75,184,"fis",0.948850745837725,0.786123521494028
"GCATG","CATGC",464,108,247,80,179,"fis",0.978367082378578,0.929459519131787
"GCAGG","CCTGC",465,133,222,105,154,"fis",0.878866792513017,0.451335055508308
"GCAGC","GCTGC",466,88,267,87,172,"fis",0.652083006584615,0.0186917393290508
"GCACG","CGTGC",467,27,328,26,233,"fis",0.738070332082923,0.310401737773862
"GCTAG","CTAGC",468,45,310,31,228,"fis",1.06754371070186,0.805629893830616
"GCTTG","CAAGC",469,112,243,87,172,"fis",0.911354604130727,0.601448485945173
"GCTGG","CCAGC",470,164,191,127,132,"fis",0.892610460279629,0.513083268583318
"GCTCG","CGAGC",471,15,340,12,247,"fis",0.908232678138355,0.843668079747572
"GCGAG","CTCGC",472,30,325,20,239,"fis",1.10293761570757,0.767614424286574
"GCGTG","CACGC",473,50,305,27,232,"fis",1.40785047220999,0.217094621126401
"GCGGG","CCCGC",474,37,318,20,239,"fis",1.38967862121819,0.264388643054455
"GCGGC","GCCGC",475,17,338,17,242,"fis",0.716384698773822,0.374409998697049
"GCGCG","CGCGC",476,14,341,7,252,"fis",1.47709858130617,0.502647164251332
"GCCAG","CTGGC",477,137,218,99,160,"fis",1.01563798115693,0.933277142109444
"GCCTG","CAGGC",478,154,201,116,143,"fis",0.944603772374172,0.742478533731928
"GCCGG","CCGGC",479,29,326,16,243,"fis",1.35038740616521,0.433446844082936
"GCCCG","CGGGC",480,37,318,17,242,"fis",1.65499976985955,0.112573924453502
"CAAAG","CTTTG",481,173,182,116,143,"fis",1.17149178772693,0.367953577420685
"CAATG","CATTG",482,130,225,85,174,"fis",1.18242037589589,0.346840622737936
"CAAGG","CCTTG",483,121,234,92,167,"fis",0.938736991719485,0.731771986401685
"CAACG","CGTTG",484,18,337,15,244,"fis",0.869045821940604,0.719748801076231
"CATAG","CTATG",485,92,263,75,184,"fis",0.858418853701345,0.409987501904169
"CATGG","CCATG",486,121,234,92,167,"fis",0.938736991719485,0.731771986401685
"CATCG","CGATG",487,15,340,13,246,"fis",0.835093891544453,0.697184908588108
"CAGAG","CTCTG",488,175,180,136,123,"fis",0.87947530930756,0.462260722513243
"CAGTG","CACTG",489,160,195,132,127,"fis",0.789745596928545,0.164370309949919
"CAGGG","CCCTG",490,123,232,87,172,"fis",1.04809639528719,0.796716308281115
"CAGCG","CGCTG",491,35,320,22,237,"fis",1.17795533062084,0.673028915365648
"CACAG","CTGTG",492,154,201,111,148,"fis",1.02152870391353,0.934310320901049
"CACGG","CCGTG",493,30,325,27,232,"fis",0.79347288104279,0.402902288989893
"CACCG","CGGTG",494,36,319,20,239,"fis",1.34794523396826,0.323899011546127
"CTAAG","CTTAG",495,83,272,64,195,"fis",0.929856119304203,0.702940755974277
"CTAGG","CCTAG",496,73,282,55,204,"fis",0.960193022581448,0.841262830392642
"CTACG","CGTAG",497,14,341,12,247,"fis",0.845301181622238,0.689382996826742
"CTTGG","CCAAG",498,112,243,109,150,"fis",0.634773023744344,0.0083002761877318
"CTTCG","CGAAG",499,25,330,15,244,"fis",1.23191002484913,0.620537278089896
"CTGAG","CTCAG",500,175,180,135,124,"fis",0.893170064273114,0.513689122423091
"CTGGG","CCCAG",501,182,173,136,123,"fis",0.951509760254205,0.806293026301136
"CTGCG","CGCAG",502,32,323,24,235,"fis",0.970106262966778,1
"CTCGG","CCGAG",503,55,300,33,226,"fis",1.25509494915897,0.353210945287389
"CTCCG","CGGAG",504,43,312,24,235,"fis",1.3488453499784,0.295649853639642
"CGAGG","CCTCG",505,45,310,26,233,"fis",1.30031927984862,0.371311001208273
"CGACG","CGTCG",506,5,350,2,257,"fis",1.83401588750689,0.704744880485854
"CGTGG","CCACG",507,42,313,23,236,"fis",1.37615468817915,0.28817714614718
"CGGGG","CCCCG",508,40,315,36,223,"fis",0.786915721059126,0.385207433288222
"CGGCG","CGCCG",509,5,350,1,258,"fis",3.67931670740637,0.409221198025059
"CGCGG","CCGCG",510,7,348,4,255,"fis",1.28181933484839,0.767473183397282
"CCAGG","CCTGG",511,169,186,123,136,"fis",1.0046259938547,1
"CCGGG","CCCGG",512,41,314,24,235,"fis",1.27802534343377,0.425968576341377
