"X1","X2","feature_no","AOI_pre","AOI_abs","ANOI_pre","ANOI_abs","chi_fis","stat_OR","p_value"
"AAAAA","TTTTT",1,251,104,167,92,"chi",2.39180391294051,0.12197280780793
"AAAAT","ATTTT",2,245,110,178,81,"chi",1.95753103738072e-30,0.999999999999999
"AAAAG","CTTTT",3,210,145,151,108,"chi",0.016705840250359,0.897158983526651
"AAAAC","GTTTT",4,195,160,119,140,"chi",4.48385248381319,0.0342165097612525
"AAATA","TATTT",5,223,132,151,108,"chi",1.09989213960838,0.294289776367992
"AAATT","AATTT",6,176,179,132,127,"chi",0.0665297153224716,0.796458192878301
"AAATG","CATTT",7,195,160,144,115,"chi",0.00679531032964914,0.934301860530639
"AAATC","GATTT",8,155,200,95,164,"chi",2.74225383975967,0.0977268426277657
"AAAGA","TCTTT",9,199,156,140,119,"chi",0.168561575245359,0.681393357879108
"AAAGT","ACTTT",10,186,169,116,143,"chi",3.16913955058019,0.0750419713363952
"AAAGG","CCTTT",11,158,197,112,147,"chi",0.052559385223978,0.818668133135615
"AAAGC","GCTTT",12,121,234,109,150,"chi",3.75695691653839,0.0525882042685734
"AAACA","TGTTT",13,197,158,123,136,"chi",3.52894081417166,0.0603063016410508
"AAACT","AGTTT",14,165,190,106,153,"chi",1.65385461834132,0.198435107869854
"AAACG","CGTTT",15,32,323,16,243,"chi",1.30141504407978,0.253954911237583
"AAACC","GGTTT",16,140,215,92,167,"chi",0.817094651316455,0.366030993177076
"AATAA","TTATT",17,190,165,122,137,"chi",2.21701359201825,0.136496866624661
"AATAT","ATATT",18,138,217,99,160,"chi",0.0062855973000385,0.936808514886404
"AATAG","CTATT",19,130,225,78,181,"chi",2.54493358227054,0.110648563825732
"AATAC","GTATT",20,138,217,95,164,"chi",0.219963984526962,0.639067361722547
"AATTA","TAATT",21,158,197,103,156,"chi",1.18887196967676,0.275557211494582
"AATTG","CAATT",22,121,234,78,181,"chi",0.903133541804787,0.341942880710544
"AATTC","GAATT",23,130,225,82,177,"chi",1.41732388312027,0.233844381440565
"AATGA","TCATT",24,152,203,120,139,"chi",0.614181859208133,0.433217596972229
"AATGT","ACATT",25,147,208,116,143,"chi",0.567144143430762,0.451395994621685
"AATGG","CCATT",26,137,218,90,169,"chi",0.791101408781138,0.373767291351019
"AATGC","GCATT",27,113,242,89,170,"chi",0.32773611069735,0.566995198720285
"AATCA","TGATT",28,149,206,108,151,"chi",0,1
"AATCT","AGATT",29,117,238,91,168,"chi",0.227190564451197,0.633614852747623
"AATCG","CGATT",30,30,325,25,234,"chi",0.138315719213197,0.709961189658409
"AATCC","GGATT",31,140,215,83,176,"chi",3.22389074846351,0.0725709477525375
"AAGAA","TTCTT",32,208,147,128,131,"chi",4.71957530461883,0.029821107542967
"AAGAT","ATCTT",33,130,225,98,161,"chi",0.0501532629766166,0.822796799110106
"AAGAG","CTCTT",34,139,216,115,144,"chi",1.49006158275704,0.222206905178441
"AAGAC","GTCTT",35,124,231,97,162,"chi",0.311251449565483,0.57691325933989
"AAGTA","TACTT",36,122,233,91,168,"chi",0.0125093936884634,0.910945988672863
"AAGTT","AACTT",37,143,212,96,163,"chi",0.523242284571766,0.469461883183921
"AAGTG","CACTT",38,159,196,123,136,"chi",0.338041422100945,0.560961937723309
"AAGTC","GACTT",39,93,262,72,187,"chi",0.122548237517967,0.726286987182549
"AAGGA","TCCTT",40,168,187,105,154,"chi",2.52250836271086,0.112231932293845
"AAGGT","ACCTT",41,104,251,82,177,"chi",0.292396504632447,0.588688870936018
"AAGGG","CCCTT",42,106,249,95,164,"chi",2.86133965992302,0.0907319050272144
"AAGGC","GCCTT",43,101,254,80,179,"chi",0.318703418805405,0.572387886546474
"AAGCA","TGCTT",44,149,206,117,142,"chi",0.501648632871725,0.478776621567662
"AAGCT","AGCTT",45,98,257,95,164,"chi",5.30738637644798,0.0212351903308495
"AAGCG","CGCTT",46,31,324,26,233,"chi",0.168106784337705,0.681799878419438
"AAGCC","GGCTT",47,101,254,78,181,"chi",0.128487477107434,0.720005457852894
"AACAA","TTGTT",48,161,194,121,138,"chi",0.0642370349864999,0.799920292217698
"AACAT","ATGTT",49,152,203,114,145,"chi",0.0455946231735269,0.830914391408245
"AACAG","CTGTT",50,138,217,92,167,"chi",0.582246878007176,0.445432961723593
"AACAC","GTGTT",51,136,219,77,182,"chi",4.49452538985026,0.0340035514277061
"AACTA","TAGTT",52,93,262,71,188,"chi",0.0595148852538068,0.807264333344484
"AACTG","CAGTT",53,139,216,87,172,"chi",1.76120391996443,0.184474420267825
"AACTC","GAGTT",54,133,222,88,171,"chi",0.646623413308843,0.421322490522276
"AACGA","TCGTT",55,28,327,7,252,"chi",6.55485913929842,0.0104598119221649
"AACGT","ACGTT",56,30,325,20,239,"chi",0.0312035779947076,0.859786973771824
"AACGG","CCGTT",57,24,331,15,244,"chi",0.101562526625601,0.749962537770006
"AACGC","GCGTT",58,11,344,14,245,"chi",1.49231160394201,0.221858147556394
"AACCA","TGGTT",59,120,235,85,174,"chi",0.0284816701768506,0.865981384574565
"AACCT","AGGTT",60,134,221,100,159,"chi",0.0178114272925244,0.893830024143351
"AACCG","CGGTT",61,24,331,14,245,"chi",0.269008100881247,0.603997923902438
"AACCC","GGGTT",62,115,240,82,177,"chi",0.0110086384887292,0.916437654935889
"ATAAA","TTTAT",63,195,160,126,133,"chi",2.12287593081718,0.145113829134063
"ATAAT","ATTAT",64,147,208,86,173,"chi",3.93873238288037,0.0471863211834431
"ATAAG","CTTAT",65,118,237,70,189,"chi",2.4359266243317,0.118583802872656
"ATAAC","GTTAT",66,95,260,59,200,"chi",1.05981194076111,0.303258080816653
"ATATA","TATAT",67,114,241,71,188,"chi",1.35570740970056,0.24428281256586
"ATATG","CATAT",68,114,241,72,187,"chi",1.12307396541602,0.289257511253686
"ATATC","GATAT",69,70,285,66,193,"chi",2.56092335689239,0.109534591744376
"ATAGA","TCTAT",70,116,239,83,176,"chi",0.00598241985173245,0.938348214797289
"ATAGT","ACTAT",71,94,261,78,181,"chi",0.810175529401557,0.36806836046543
"ATAGG","CCTAT",72,99,256,65,194,"chi",0.461760047430263,0.496802559475204
"ATAGC","GCTAT",73,70,285,53,206,"chi",0.015799278335581,0.899973217219273
"ATACA","TGTAT",74,141,214,105,154,"chi",0.0148713368264767,0.902940128940676
"ATACT","AGTAT",75,114,241,68,191,"chi",2.19099579906924,0.1388195416767
"ATACG","CGTAT",76,19,336,10,249,"chi",0.445625101322041,0.504419879391021
"ATACC","GGTAT",77,82,273,58,201,"chi",0.0117015295756094,0.913857979456494
"ATTAA","TTAAT",78,128,227,99,160,"chi",0.216081990772011,0.642041599332264
"ATTAG","CTAAT",79,126,229,96,163,"chi",0.0995516954182063,0.75236828170055
"ATTAC","GTAAT",80,136,219,74,185,"chi",5.88532583500032,0.0152675722229556
"ATTTA","TAAAT",81,170,185,114,145,"chi",0.754008255041781,0.385210153153341
"ATTTG","CAAAT",82,159,196,105,154,"chi",0.936120974589786,0.333277428353108
"ATTTC","GAAAT",83,166,189,112,147,"chi",0.61249369940745,0.433850430256705
"ATTGA","TCAAT",84,111,244,93,166,"chi",1.25140311981887,0.263284658133605
"ATTGT","ACAAT",85,115,240,86,173,"chi",0.0154327160627041,0.901134370505263
"ATTGG","CCAAT",86,89,266,76,183,"chi",1.18251555096124,0.2768444737902
"ATTGC","GCAAT",87,119,236,68,191,"chi",3.39777714469996,0.065284340268702
"ATTCA","TGAAT",88,141,214,95,164,"chi",0.463007495488826,0.496221760258733
"ATTCT","AGAAT",89,180,175,114,145,"chi",2.42334204782843,0.119539656715588
"ATTCG","CGAAT",90,16,339,17,242,"chi",0.873897579082908,0.349878549081192
"ATTCC","GGAAT",91,108,247,91,168,"chi",1.31064966847832,0.252277063039197
"ATGAA","TTCAT",92,153,202,101,158,"chi",0.876820135539779,0.349074100245365
"ATGAT","ATCAT",93,112,243,90,169,"chi",0.557125334212591,0.455420813427368
"ATGAG","CTCAT",94,107,248,114,145,"chi",11.9177462094416,0.000556017095516274
"ATGAC","GTCAT",95,94,261,63,196,"chi",0.260816647853852,0.609559661181522
"ATGTA","TACAT",96,111,244,80,179,"chi",0.000145802543479234,0.99036587985205
"ATGTG","CACAT",97,146,209,122,137,"chi",1.93908435585544,0.163767987805075
"ATGTC","GACAT",98,100,255,70,189,"chi",0.04884116224294,0.825092147168154
"ATGGA","TCCAT",99,135,220,104,155,"chi",0.20236038642045,0.652822318122072
"ATGGT","ACCAT",100,115,240,83,176,"chi",1.37015101803778e-05,0.997046593076731
"ATGGG","CCCAT",101,111,244,102,157,"chi",4.00142010192345,0.0454619445661974
"ATGGC","GCCAT",102,103,252,79,180,"chi",0.0956127670664898,0.757159397723411
"ATGCA","TGCAT",103,104,251,82,177,"chi",0.292396504632447,0.588688870936018
"ATGCT","AGCAT",104,116,239,97,162,"chi",1.30403048659955,0.253478319264726
"ATGCG","CGCAT",105,17,338,15,244,"chi",0.135618058448209,0.712676712139131
"ATGCC","GGCAT",106,108,247,89,170,"chi",0.893854882281751,0.344434804908308
"ATCAA","TTGAT",107,125,230,85,174,"chi",0.282059558697804,0.595354475636012
"ATCAG","CTGAT",108,109,246,92,167,"chi",1.36681620705542,0.242359657440346
"ATCAC","GTGAT",109,115,240,99,160,"chi",1.9918887823023,0.158143530608723
"ATCTA","TAGAT",110,89,266,60,199,"chi",0.200971937388027,0.653937467327886
"ATCTG","CAGAT",111,116,239,90,169,"chi",0.203146712245939,0.652192810151602
"ATCTC","GAGAT",112,126,229,113,146,"chi",3.83472151408205,0.0502013299822906
"ATCGA","TCGAT",113,14,341,12,247,"chi",0.0467073346780158,0.828895147572681
"ATCGT","ACGAT",114,26,329,17,242,"chi",0.0417934116126527,0.838014073955109
"ATCGG","CCGAT",115,12,343,8,251,"chi",1.39399937510445e-30,0.999999999999999
"ATCGC","GCGAT",116,36,319,20,239,"chi",0.785348202053272,0.375510443948718
"ATCCA","TGGAT",117,104,251,86,173,"chi",0.895612620136937,0.343960859419529
"ATCCT","AGGAT",118,138,217,93,166,"chi",0.442038638002934,0.506140129357167
"ATCCG","CGGAT",119,19,336,11,248,"chi",0.191601375499697,0.661587135325726
"ATCCC","GGGAT",120,112,243,76,183,"chi",0.246964509304597,0.619220616627906
"AGAAA","TTTCT",121,234,121,162,97,"chi",0.601707746900924,0.437927184119918
"AGAAG","CTTCT",122,165,190,121,138,"chi",1.6739518930564e-30,0.999999999999999
"AGAAC","GTTCT",123,119,236,90,169,"chi",0.0533067959606139,0.817405973458343
"AGATA","TATCT",124,104,251,89,170,"chi",1.5566057219372,0.212162900701648
"AGATG","CATCT",125,139,216,122,137,"chi",3.55360583354975,0.0594162011594306
"AGATC","GATCT",126,77,278,57,202,"chi",1.01689557093867e-29,0.999999999999997
"AGAGA","TCTCT",127,165,190,139,120,"chi",2.8151373627439,0.0933789028688333
"AGAGT","ACTCT",128,136,219,96,163,"chi",0.0527885608493918,0.81828012332134
"AGAGG","CCTCT",129,131,224,107,152,"chi",1.04883297470151,0.305776016417223
"AGAGC","GCTCT",130,106,249,86,173,"chi",0.631935110889497,0.426646389793686
"AGACA","TGTCT",131,163,192,117,142,"chi",0.0100414930337578,0.920179789999558
"AGACT","AGTCT",132,138,217,102,157,"chi",0.00192845345910802,0.964972828045868
"AGACG","CGTCT",133,37,318,22,237,"chi",0.438291652993737,0.507948156246624
"AGACC","GGTCT",134,119,236,71,188,"chi",2.33639488694155,0.126381737247235
"AGTAA","TTACT",135,127,228,81,178,"chi",1.16058028655944,0.281345226622343
"AGTAG","CTACT",136,127,228,87,172,"chi",0.22572263766992,0.63471372753101
"AGTAC","GTACT",137,56,299,29,230,"chi",2.26120629783673,0.13265069715017
"AGTTA","TAACT",138,113,242,73,186,"chi",0.777782441538721,0.377820207135993
"AGTTG","CAACT",139,107,248,87,172,"chi",0.672726423421314,0.412102663680419
"AGTTC","GAACT",140,108,247,81,178,"chi",0.0188366394563577,0.890835848414873
"AGTGA","TCACT",141,171,184,138,121,"chi",1.3680502204149,0.242147165460221
"AGTGT","ACACT",142,120,235,97,162,"chi",0.720144981792417,0.39609635661785
"AGTGG","CCACT",143,148,207,102,157,"chi",0.241742005343615,0.62295076816148
"AGTGC","GCACT",144,128,227,84,175,"chi",0.717016414464269,0.397124326537417
"AGTCA","TGACT",145,103,252,82,177,"chi",0.380310007656792,0.537437372197073
"AGTCG","CGACT",146,19,336,6,253,"chi",2.79826044524846,0.0943666392602146
"AGTCC","GGACT",147,101,254,69,190,"chi",0.162917620303813,0.686484417580848
"AGGAA","TTCCT",148,163,192,132,127,"chi",1.33415442823301,0.248067483336697
"AGGAG","CTCCT",149,167,188,135,124,"chi",1.3503526875064,0.245216468971878
"AGGAC","GTCCT",150,95,260,79,180,"chi",0.856168250998267,0.354813205574541
"AGGTA","TACCT",151,104,251,85,174,"chi",0.714689582435351,0.39789136635247
"AGGTG","CACCT",152,129,226,97,162,"chi",0.0391505980529677,0.843150609953157
"AGGTC","GACCT",153,109,246,66,193,"chi",1.75551207584112,0.185185285511611
"AGGGA","TCCCT",154,124,231,104,155,"chi",1.53448934602908,0.21543992240844
"AGGGT","ACCCT",155,92,263,81,178,"chi",1.86826945110752,0.171673413078043
"AGGGG","CCCCT",156,104,251,82,177,"chi",0.292396504632447,0.588688870936018
"AGGGC","GCCCT",157,76,279,68,191,"chi",1.69850478084146,0.192483635304584
"AGGCA","TGCCT",158,173,182,132,127,"chi",0.216008287552832,0.642098381330154
"AGGCT","AGCCT",159,143,212,109,150,"chi",0.133610885027117,0.714717139943375
"AGGCG","CGCCT",160,60,295,37,222,"chi",0.586123243646978,0.443922164069197
"AGGCC","GGCCT",161,106,249,78,181,"chi",0,1
"AGCAA","TTGCT",162,144,211,118,141,"chi",1.33077081008284,0.248668136170361
"AGCAG","CTGCT",163,126,229,96,163,"chi",0.0995516954182063,0.75236828170055
"AGCAC","GTGCT",164,115,240,81,178,"chi",0.0426073472267931,0.836466385875574
"AGCTA","TAGCT",165,112,243,85,174,"chi",0.0601222015762649,0.806302900117452
"AGCTG","CAGCT",166,128,227,128,131,"chi",10.4593187491532,0.00122032274013506
"AGCTC","GAGCT",167,92,263,84,175,"chi",2.79971880100908,0.0942808406902884
"AGCGA","TCGCT",168,41,314,27,232,"chi",0.095062125462173,0.757837734791344
"AGCGT","ACGCT",169,20,335,13,246,"chi",0.0231840654230414,0.878979391713302
"AGCGG","CCGCT",170,21,334,19,240,"chi",0.290268124425999,0.590048761075998
"AGCGC","GCGCT",171,15,340,14,245,"chi",0.238256953322519,0.625467878950085
"AGCCA","TGGCT",172,168,187,122,137,"chi",0,1
"AGCCG","CGGCT",173,41,314,34,225,"chi",0.216193321724796,0.641955850723755
"AGCCC","GGGCT",174,87,268,80,179,"chi",2.76545020479592,0.0963195853712698
"ACAAA","TTTGT",175,194,161,138,121,"chi",0.0642370349864999,0.799920292217698
"ACAAG","CTTGT",176,121,234,79,180,"chi",0.719582118116715,0.396281016190591
"ACAAC","GTTGT",177,100,255,63,196,"chi",0.946549128198174,0.330599245260565
"ACATA","TATGT",178,140,215,98,161,"chi",0.100933395007163,0.750712385845724
"ACATG","CATGT",179,118,237,98,161,"chi",1.19425512967342,0.274472923523184
"ACATC","GATGT",180,77,278,73,186,"chi",3.07914997752904,0.0793019616907844
"ACAGA","TCTGT",181,171,184,127,132,"chi",0.0169572188634914,0.896392461320294
"ACAGT","ACTGT",182,150,205,74,185,"chi",11.5140761415837,0.000690711511001668
"ACAGG","CCTGT",183,151,204,120,139,"chi",0.728321216134733,0.393427889473774
"ACAGC","GCTGT",184,101,254,88,171,"chi",1.89476061645738,0.168665947090645
"ACACA","TGTGT",185,146,209,86,173,"chi",3.66797487495934,0.0554675404979951
"ACACG","CGTGT",186,31,324,24,235,"chi",0.00735362370475364,0.931662552909026
"ACACC","GGTGT",187,109,246,93,166,"chi",1.60829553887779,0.204731562387721
"ACTAA","TTAGT",188,120,235,66,193,"chi",4.52304175691188,0.033441325968323
"ACTAG","CTAGT",189,63,292,35,224,"chi",1.69723819513755,0.19264955737342
"ACTAC","GTAGT",190,84,271,56,203,"chi",0.24773066235741,0.618677540049895
"ACTTA","TAAGT",191,117,238,85,174,"chi",0,1
"ACTTG","CAAGT",192,107,248,104,155,"chi",6.22060701602314,0.0126271813341604
"ACTTC","GAAGT",193,116,239,89,170,"chi",0.1232548012293,0.72553085881768
"ACTGA","TCAGT",194,130,225,96,163,"chi",0.000807931495799244,0.977323874393963
"ACTGG","CCAGT",195,123,232,86,173,"chi",0.0820803667356666,0.774497710424029
"ACTGC","GCAGT",196,125,230,94,165,"chi",0.0365406206793212,0.848403365900118
"ACTCA","TGAGT",197,124,231,91,168,"chi",2.07527726519309e-30,0.999999999999999
"ACTCG","CGAGT",198,37,318,21,238,"chi",0.686684683317644,0.407294337177651
"ACTCC","GGAGT",199,140,215,83,176,"chi",3.22389074846351,0.0725709477525375
"ACGAA","TTCGT",200,28,327,9,250,"chi",4.39870920660007,0.0359661428342537
"ACGAG","CTCGT",201,30,325,22,237,"chi",8.95711617705336e-30,0.999999999999998
"ACGAC","GTCGT",202,12,343,8,251,"chi",1.39399937510445e-30,0.999999999999999
"ACGTA","TACGT",203,20,335,13,246,"chi",0.0231840654230414,0.878979391713302
"ACGTG","CACGT",204,32,323,24,235,"chi",5.45625114421877e-29,0.999999999999994
"ACGTC","GACGT",205,18,337,11,248,"chi",0.0797097445956114,0.777691141775963
"ACGGA","TCCGT",206,26,329,20,239,"chi",0.00088968877231217,0.976204506156213
"ACGGT","ACCGT",207,28,327,17,242,"chi",0.21597240201661,0.642126032316645
"ACGGG","CCCGT",208,33,322,30,229,"chi",0.620527124813094,0.430851470542106
"ACGGC","GCCGT",209,13,342,14,245,"chi",0.70769868995269,0.400208851261977
"ACGCA","TGCGT",210,14,341,19,240,"chi",2.75410703410994,0.0970049636404542
"ACGCG","CGCGT",211,5,350,1,258,"fis",3.67931670740637,0.409221198025059
"ACGCC","GGCGT",212,38,317,26,233,"chi",0.0176480720934946,0.894315137156154
"ACCAA","TTGGT",213,121,234,72,187,"chi",2.46089467534417,0.116712287077452
"ACCAG","CTGGT",214,124,231,91,168,"chi",2.07527726519309e-30,0.999999999999999
"ACCAC","GTGGT",215,119,236,89,170,"chi",0.0172458516757066,0.895519432510186
"ACCTA","TAGGT",216,93,262,52,207,"chi",2.77921838244557,0.0954947623072746
"ACCTG","CAGGT",217,129,226,100,159,"chi",0.240524567037706,0.6238275013083
"ACCTC","GAGGT",218,139,216,103,156,"chi",0.00489945975675606,0.944196731130888
"ACCGA","TCGGT",219,21,334,10,249,"chi",0.924747069528601,0.336231626110042
"ACCGG","CCGGT",220,19,336,14,245,"chi",8.88206340438346e-31,0.999999999999999
"ACCGC","GCGGT",221,22,333,12,247,"chi",0.433170181662311,0.510437474337869
"ACCCA","TGGGT",222,123,232,110,149,"chi",3.56692020603231,0.0589415332438944
"ACCCG","CGGGT",223,30,325,23,236,"chi",0.00173926944494854,0.966734227180555
"ACCCC","GGGGT",224,97,258,81,178,"chi",0.951299047064911,0.329388856362523
"TAAAA","TTTTA",225,216,139,164,95,"chi",0.291160349655531,0.589477908747598
"TAAAG","CTTTA",226,146,209,89,170,"chi",2.62060781939288,0.105484028173393
"TAAAC","GTTTA",227,109,246,83,176,"chi",0.070824911844579,0.790139474698862
"TAATA","TATTA",228,137,218,85,174,"chi",1.91917651989065,0.165947468706826
"TAATG","CATTA",229,116,239,86,173,"chi",0.00257097427110682,0.95956077114858
"TAATC","GATTA",230,119,236,66,193,"chi",4.22248716814381,0.0398916462165318
"TAAGA","TCTTA",231,124,231,88,171,"chi",0.0253689722137416,0.873451111932656
"TAAGG","CCTTA",232,95,260,57,202,"chi",1.56981449608528,0.210233955417677
"TAAGC","GCTTA",233,76,279,55,204,"chi",1.09516503677544e-30,0.999999999999999
"TAACA","TGTTA",234,117,238,72,187,"chi",1.63595967595684,0.20088071923642
"TAACG","CGTTA",235,25,330,9,250,"chi",2.99311333490775,0.0836192599606988
"TAACC","GGTTA",236,63,292,51,208,"chi",0.256965911924844,0.612212318517357
"TATAA","TTATA",237,134,221,72,187,"chi",6.20753444861782,0.0127207683559231
"TATAG","CTATA",238,86,269,67,192,"chi",0.13724637155779,0.711033983751358
"TATAC","GTATA",239,85,270,54,205,"chi",0.651500989481204,0.419576547339918
"TATTG","CAATA",240,104,251,79,180,"chi",0.054457867469657,0.815480244316979
"TATTC","GAATA",241,125,230,72,187,"chi",3.44296859570312,0.0635214628940334
"TATGA","TCATA",242,105,250,63,196,"chi",1.8232628751484,0.176925378189735
"TATGG","CCATA",243,81,274,58,201,"chi",0.000680079288630253,0.979194861445293
"TATGC","GCATA",244,67,288,56,203,"chi",0.544953692149419,0.460386975423962
"TATCA","TGATA",245,103,252,74,185,"chi",0.000863347330858104,0.976559312276066
"TATCG","CGATA",246,19,336,5,254,"chi",3.80108678794403,0.0512193280430533
"TATCC","GGATA",247,74,281,56,203,"chi",0.0175808698343908,0.894515369579111
"TAGAA","TTCTA",248,128,227,101,158,"chi",0.434828167837226,0.509629299986593
"TAGAG","CTCTA",249,122,233,73,186,"chi",2.36216450749511,0.124309600955145
"TAGAC","GTCTA",250,76,279,43,216,"chi",1.91687726129199,0.16620131823487
"TAGTA","TACTA",251,110,245,60,199,"chi",4.19144625353922,0.0406284231030734
"TAGTG","CACTA",252,91,264,62,197,"chi",0.148407741362073,0.700061645061885
"TAGTC","GACTA",253,77,278,51,208,"chi",0.251619558791409,0.615936998028314
"TAGGA","TCCTA",254,89,266,86,173,"chi",4.47113977535453,0.0344719890979108
"TAGGG","CCCTA",255,75,280,61,198,"chi",0.379867394092555,0.537674213322726
"TAGGC","GCCTA",256,64,291,66,193,"chi",4.54921248008316,0.0329338907463556
"TAGCA","TGCTA",257,82,273,69,190,"chi",0.831239835330029,0.36191426256015
"TAGCG","CGCTA",258,11,344,10,249,"chi",0.0832451057904963,0.772946978671991
"TAGCC","GGCTA",259,73,282,63,196,"chi",1.01992973968228,0.312535675670442
"TACAA","TTGTA",260,125,230,89,170,"chi",0.0174537507947409,0.894895194840026
"TACAG","CTGTA",261,136,219,117,142,"chi",2.635687385718,0.104486830402571
"TACAC","GTGTA",262,83,272,63,196,"chi",0.0307586498113219,0.860779922588296
"TACTG","CAGTA",263,121,234,58,201,"chi",9.35115689735436,0.00222844756329375
"TACTC","GAGTA",264,91,264,63,196,"chi",0.075848428584847,0.783004385486692
"TACGA","TCGTA",265,23,332,10,249,"chi",1.53599135442,0.215215471655426
"TACGG","CCGTA",266,10,345,11,248,"chi",0.544863016116846,0.460424293177953
"TACGC","GCGTA",267,8,347,6,253,"chi",5.3411627395443e-31,0.999999999999999
"TACCA","TGGTA",268,87,268,62,197,"chi",0.00449685138560548,0.946535078488975
"TACCG","CGGTA",269,18,337,14,245,"chi",3.58564501152045e-07,0.999522224714097
"TACCC","GGGTA",270,67,288,42,217,"chi",0.553509239354444,0.456887355459724
"TTAAA","TTTAA",271,177,178,131,128,"chi",0.00892945220676302,0.92471533549022
"TTAAG","CTTAA",272,110,245,80,179,"chi",4.35808225690549e-30,0.999999999999998
"TTAAC","GTTAA",273,92,263,58,201,"chi",0.824257013656966,0.363938447868621
"TTATG","CATAA",274,115,240,79,180,"chi",0.168299030607106,0.68162795839663
"TTATC","GATAA",275,94,261,63,196,"chi",0.260816647853852,0.609559661181522
"TTAGA","TCTAA",276,122,233,62,197,"chi",7.27015249945275,0.00701098504304351
"TTAGG","CCTAA",277,81,274,86,173,"chi",7.64427202691779,0.00569528754734636
"TTAGC","GCTAA",278,100,255,82,177,"chi",0.715779392665712,0.397531844263185
"TTACA","TGTAA",279,151,204,102,157,"chi",0.491227334569552,0.483380328879577
"TTACG","CGTAA",280,28,327,12,247,"chi",2.09679972195921,0.147607806926045
"TTACC","GGTAA",281,83,272,62,197,"chi",0.00416709930173629,0.948529848632659
"TTTAG","CTAAA",282,153,202,99,160,"chi",1.27598069079833,0.258647697552314
"TTTAC","GTAAA",283,111,244,84,175,"chi",0.0477065858167741,0.827103151244295
"TTTTG","CAAAA",284,227,128,152,107,"chi",1.53589766803424,0.21522946342599
"TTTTC","GAAAA",285,212,143,151,108,"chi",0.0727073949247991,0.787434848241675
"TTTGA","TCAAA",286,177,178,120,139,"chi",0.611415782447015,0.434255240506496
"TTTGG","CCAAA",287,173,182,112,147,"chi",1.60013335927049,0.205884312804866
"TTTGC","GCAAA",288,135,220,110,149,"chi",1.05431821731123,0.304514654594138
"TTTCA","TGAAA",289,205,150,129,130,"chi",3.49190815551995,0.0616694634122751
"TTTCG","CGAAA",290,29,326,11,248,"chi",3.16543209440275,0.0752125305583175
"TTTCC","GGAAA",291,162,193,135,124,"chi",2.2722567637483,0.131707988533648
"TTGAA","TTCAA",292,176,179,115,144,"chi",1.4081698905641,0.235360439516399
"TTGAG","CTCAA",293,147,208,113,146,"chi",0.218405012926378,0.640257915014276
"TTGAC","GTCAA",294,78,277,58,201,"chi",0.000673974533486504,0.979288429896067
"TTGTG","CACAA",295,143,212,96,163,"chi",0.523242284571766,0.469461883183921
"TTGTC","GACAA",296,106,249,76,183,"chi",0.0023687436413794,0.961182490860851
"TTGGA","TCCAA",297,113,242,105,154,"chi",4.58757123812687,0.0322046183618708
"TTGGG","CCCAA",298,136,219,103,156,"chi",0.0796621755790128,0.777755742852164
"TTGGC","GCCAA",299,100,255,97,162,"chi",5.50334246181438,0.0189801611389488
"TTGCA","TGCAA",300,134,221,88,171,"chi",0.765773731100249,0.381527666196522
"TTGCG","CGCAA",301,15,340,19,240,"chi",2.20716587557801,0.137370835874438
"TTGCC","GGCAA",302,120,235,97,162,"chi",0.720144981792417,0.39609635661785
"TTCAG","CTGAA",303,148,207,121,138,"chi",1.34039176489457,0.246964891509407
"TTCAC","GTGAA",304,143,212,92,167,"chi",1.24200115643618,0.265085730457998
"TTCTG","CAGAA",305,182,173,117,142,"chi",1.9886321885867,0.158483969561026
"TTCTC","GAGAA",306,172,183,139,120,"chi",1.42866339841383,0.231982696458413
"TTCGA","TCGAA",307,23,332,20,239,"chi",0.190085174162047,0.662845737264887
"TTCGG","CCGAA",308,20,335,18,241,"chi",0.248776683930039,0.61793777203283
"TTCGC","GCGAA",309,20,335,11,248,"chi",0.3462268304767,0.556256840716469
"TTCCA","TGGAA",310,163,192,135,124,"chi",2.06864163741516,0.150355385510136
"TTCCG","CGGAA",311,15,340,15,244,"chi",0.489289585470369,0.484244375324189
"TTCCC","GGGAA",312,133,222,108,151,"chi",0.955289380823903,0.328376575416508
"TGAAG","CTTCA",313,131,224,106,153,"chi",0.860942671820508,0.353475025998619
"TGAAC","GTTCA",314,145,210,89,170,"chi",2.39993108472723,0.121340595720782
"TGATG","CATCA",315,102,253,88,171,"chi",1.68980389084554,0.193626822688501
"TGATC","GATCA",316,106,249,71,188,"chi",0.325599704309444,0.568261702210888
"TGAGA","TCTCA",317,176,179,137,122,"chi",0.533700531040811,0.465055220932402
"TGAGG","CCTCA",318,147,208,137,122,"chi",7.4934066859776,0.00619252962913557
"TGAGC","GCTCA",319,134,221,113,146,"chi",1.91760054758057,0.166121415977335
"TGACA","TGTCA",320,128,227,93,166,"chi",2.10696088756245e-30,0.999999999999999
"TGACG","CGTCA",321,16,339,17,242,"chi",0.873897579082908,0.349878549081192
"TGACC","GGTCA",322,99,256,74,185,"chi",0.00907543195257918,0.924104293246493
"TGTAG","CTACA",323,91,264,86,173,"chi",3.82253212304327,0.0505677641544114
"TGTAC","GTACA",324,53,302,38,221,"chi",2.4134978128702e-29,0.999999999999996
"TGTTG","CAACA",325,140,215,100,159,"chi",0.0152670038150567,0.901663888695227
"TGTTC","GAACA",326,127,228,89,170,"chi",0.07628703569853,0.782393629012241
"TGTGA","TCACA",327,165,190,109,150,"chi",0.998910904298757,0.31757418072131
"TGTGG","CCACA",328,130,225,116,143,"chi",3.82722643576918,0.0504263114003897
"TGTGC","GCACA",329,109,246,111,148,"chi",9.09789008135543,0.00255904527057699
"TGTCG","CGACA",330,21,334,12,247,"chi",0.264839739237936,0.606814515596024
"TGTCC","GGACA",331,100,255,81,178,"chi",0.553187846484133,0.457018059440878
"TGGAG","CTCCA",332,153,202,126,133,"chi",1.64342387730563,0.199856345115935
"TGGAC","GTCCA",333,87,268,67,192,"chi",0.0841831783350462,0.771706553462402
"TGGTG","CACCA",334,145,210,119,140,"chi",1.3883891915904,0.238677315024883
"TGGTC","GACCA",335,109,246,71,188,"chi",0.631969959277676,0.426633639394491
"TGGGA","TCCCA",336,169,186,129,130,"chi",0.209063153809374,0.647502687351926
"TGGGG","CCCCA",337,119,236,103,156,"chi",2.2684012531633,0.132036047605514
"TGGGC","GCCCA",338,127,228,105,154,"chi",1.25125012062293,0.26331384528762
"TGGCA","TGCCA",339,142,213,117,142,"chi",1.4382426352534,0.230423932060096
"TGGCG","CGCCA",340,40,315,24,235,"chi",0.445842946499636,0.504315712377231
"TGGCC","GGCCA",341,94,261,88,171,"chi",3.68519476952576,0.0548975594999283
"TGCAG","CTGCA",342,142,213,119,140,"chi",1.92985395615457,0.164774423709107
"TGCAC","GTGCA",343,105,250,87,172,"chi",0.943258157834332,0.33144133305736
"TGCTG","CAGCA",344,149,206,128,131,"chi",3.06162266051562,0.0801615803144064
"TGCTC","GAGCA",345,95,260,74,185,"chi",0.163754437781243,0.685723158928881
"TGCGA","TCGCA",346,23,332,14,245,"chi",0.144637378640489,0.703713671469757
"TGCGG","CCGCA",347,18,337,18,241,"chi",0.64803441533058,0.420816305124842
"TGCGC","GCGCA",348,24,331,17,242,"chi",6.51922832961585e-29,0.999999999999994
"TGCCG","CGGCA",349,12,343,22,237,"chi",6.54110472273915,0.0105409871413031
"TGCCC","GGGCA",350,115,240,92,167,"chi",0.522715692289185,0.469685538389546
"TCAAG","CTTGA",351,143,212,107,152,"chi",0.0301519164287777,0.86214597968806
"TCAAC","GTTGA",352,81,274,50,209,"chi",0.901119215694622,0.342481785482892
"TCATG","CATGA",353,118,237,85,174,"chi",0.000512250473128278,0.981943059419507
"TCATC","GATGA",354,86,269,80,179,"chi",3.04054101642698,0.0812088477218416
"TCAGA","TCTGA",355,139,216,107,152,"chi",0.207454783586733,0.648769674781914
"TCAGG","CCTGA",356,150,205,114,145,"chi",0.124594173912082,0.724104184639609
"TCAGC","GCTGA",357,128,227,115,144,"chi",4.01905083893197,0.0449890259632302
"TCACG","CGTGA",358,40,315,30,229,"chi",2.54336419898375e-29,0.999999999999996
"TCACC","GGTGA",359,115,240,79,180,"chi",0.168299030607106,0.68162795839663
"TCTAG","CTAGA",360,75,280,53,206,"chi",0.00985551383878844,0.920919974585439
"TCTAC","GTAGA",361,101,254,71,188,"chi",0.0367703783928903,0.847933307842963
"TCTTG","CAAGA",362,142,213,104,155,"chi",1.94613919274036e-30,0.999999999999999
"TCTTC","GAAGA",363,143,212,103,156,"chi",0.00200828440881176,0.964255656515342
"TCTGG","CCAGA",364,146,209,104,155,"chi",0.0252857048438537,0.873657217879505
"TCTGC","GCAGA",365,124,231,117,142,"chi",6.16796359552736,0.0130084263412002
"TCTCG","CGAGA",366,56,299,36,223,"chi",0.279203992453353,0.59722342343996
"TCTCC","GGAGA",367,142,213,121,138,"chi",2.49260574435962,0.11438220715673
"TCGAG","CTCGA",368,29,326,20,239,"chi",0.00260892986795808,0.959263617856302
"TCGAC","GTCGA",369,15,340,7,252,"chi",0.612542448729163,0.433832136092228
"TCGTG","CACGA",370,26,329,28,231,"chi",1.85590139363278,0.173098584426158
"TCGTC","GACGA",371,20,335,13,246,"chi",0.0231840654230414,0.878979391713302
"TCGGA","TCCGA",372,13,342,9,250,"chi",1.17695321832923e-29,0.999999999999997
"TCGGG","CCCGA",373,38,317,21,238,"chi",0.882311478325492,0.347569364843277
"TCGGC","GCCGA",374,35,320,28,231,"chi",0.0620647166667389,0.803261839121522
"TCGCG","CGCGA",375,9,346,5,254,"chi",0.0492900957870776,0.824303195959873
"TCGCC","GGCGA",376,26,329,13,246,"chi",0.977741814895519,0.322756952294336
"TCCAG","CTGGA",377,172,183,131,128,"chi",0.19293238139601,0.660487146363852
"TCCAC","GTGGA",378,120,235,94,165,"chi",0.306769315819137,0.57966946185093
"TCCTG","CAGGA",379,193,162,141,118,"chi",1.70982229076475e-30,0.999999999999999
"TCCTC","GAGGA",380,123,232,102,157,"chi",1.2489926752126,0.263744958090212
"TCCGG","CCGGA",381,19,336,14,245,"chi",8.88206340438346e-31,0.999999999999999
"TCCGC","GCGGA",382,30,325,19,240,"chi",0.124349663577038,0.724363986895443
"TCCCG","CGGGA",383,49,306,24,235,"chi",2.52461038447245,0.112082461410898
"TCCCC","GGGGA",384,108,247,80,179,"chi",0.00122079726113883,0.972127657017626
"GAAAG","CTTTC",385,149,206,121,138,"chi",1.1833904568084,0.276666845279351
"GAAAC","GTTTC",386,142,213,96,163,"chi",0.426613509685599,0.513655343244274
"GAATG","CATTC",387,129,226,95,164,"chi",3.74561994280472e-06,0.998455806767863
"GAATC","GATTC",388,95,260,73,186,"chi",0.0896598441466306,0.764610039478645
"GAAGG","CCTTC",389,112,243,93,166,"chi",1.09035151933726,0.29639333668136
"GAAGC","GCTTC",390,106,249,80,179,"chi",0.0342519465069962,0.853171924467885
"GAACG","CGTTC",391,24,331,17,242,"chi",6.51922832961585e-29,0.999999999999994
"GAACC","GGTTC",392,108,247,67,192,"chi",1.308582584946,0.252651446487251
"GATAG","CTATC",393,70,285,61,198,"chi",1.09293392580663,0.295822058863756
"GATAC","GTATC",394,69,286,46,213,"chi",0.177203455894286,0.673787643737715
"GATTG","CAATC",395,83,272,75,184,"chi",2.15423256810431,0.142177465861676
"GATGG","CCATC",396,121,234,105,154,"chi",2.41302925143629,0.120329317322805
"GATGC","GCATC",397,74,281,60,199,"chi",0.346554316824707,0.556070158696465
"GATCG","CGATC",398,29,326,16,243,"chi",0.605738820898601,0.436396745380913
"GATCC","GGATC",399,74,281,52,207,"chi",0.0172900272704013,0.895386472017378
"GAGAG","CTCTC",400,113,242,99,160,"chi",2.43189408777935,0.118889167931623
"GAGAC","GTCTC",401,139,216,100,159,"chi",0.00280423590204944,0.957767733002907
"GAGTG","CACTC",402,145,210,87,172,"chi",3.050793080357,0.0806977276875124
"GAGTC","GACTC",403,91,264,74,185,"chi",0.516604590468889,0.47229367185797
"GAGGG","CCCTC",404,91,264,90,169,"chi",5.5545805991015,0.0184323886564495
"GAGGC","GCCTC",405,140,215,117,142,"chi",1.79639603946784,0.18014880749872
"GAGCG","CGCTC",406,24,331,19,240,"chi",0.0134042228363052,0.907829590359227
"GAGCC","GGCTC",407,118,237,100,159,"chi",1.65896848706643,0.197742654221646
"GACAG","CTGTC",408,127,228,94,165,"chi",0.0022220471634513,0.962402766940555
"GACAC","GTGTC",409,87,268,65,194,"chi",0.00525158519175258,0.94222961262799
"GACTG","CAGTC",410,104,251,74,185,"chi",0.0110897730779375,0.91613142192168
"GACGG","CCGTC",411,31,324,26,233,"chi",0.168106784337705,0.681799878419438
"GACGC","GCGTC",412,9,346,12,247,"chi",1.41080816886884,0.234922278947572
"GACCG","CGGTC",413,14,341,7,252,"chi",0.372991012414738,0.541378407140687
"GACCC","GGGTC",414,59,296,70,189,"chi",9.15626510358642,0.00247867954219419
"GTAAG","CTTAC",415,92,263,59,200,"chi",0.633831812643145,0.42595325367507
"GTAAC","GTTAC",416,63,292,41,218,"chi",0.266540203677736,0.605662132544481
"GTATG","CATAC",417,69,286,48,211,"chi",0.0315326577802845,0.859057252399968
"GTAGG","CCTAC",418,62,293,56,203,"chi",1.4097017176872,0.235105916103985
"GTAGC","GCTAC",419,76,279,58,201,"chi",0.0372518515016411,0.846953182744234
"GTACG","CGTAC",420,11,344,9,250,"chi",0.000854974235255932,0.976673225362357
"GTACC","GGTAC",421,51,304,36,223,"chi",0.00216785408690621,0.962863737461429
"GTTAG","CTAAC",422,79,276,49,210,"chi",0.817141779536634,0.366017169814715
"GTTTG","CAAAC",423,101,254,93,166,"chi",3.51511238269084,0.0608115325121428
"GTTGG","CCAAC",424,100,255,77,182,"chi",0.10985093302266,0.740313910268385
"GTTGC","GCAAC",425,80,275,86,173,"chi",8.1091551644495,0.00440422483148139
"GTTCG","CGAAC",426,21,334,18,241,"chi",0.123503577250056,0.725265211010004
"GTTCC","GGAAC",427,86,269,64,195,"chi",0.00185379034067716,0.965657160223912
"GTGAG","CTCAC",428,173,182,122,137,"chi",0.100489683354492,0.75124278440108
"GTGAC","GTCAC",429,79,276,69,190,"chi",1.34496631487953,0.246160043854912
"GTGTG","CACAC",430,133,222,96,163,"chi",0.0002726757666879,0.986825213188718
"GTGGG","CCCAC",431,115,240,94,165,"chi",0.847728615339192,0.357195696575064
"GTGGC","GCCAC",432,122,233,99,160,"chi",0.807133643704031,0.368969049042207
"GTGCG","CGCAC",433,15,340,12,247,"chi",0.00194830172035823,0.964793150480235
"GTGCC","GGCAC",434,87,268,85,174,"chi",4.72595709033832,0.0297106440687581
"GTCAG","CTGAC",435,108,247,79,180,"chi",0,1
"GTCTG","CAGAC",436,101,254,78,181,"chi",0.128487477107434,0.720005457852894
"GTCGG","CCGAC",437,17,338,9,250,"chi",0.354600351625359,0.551520463868042
"GTCGC","GCGAC",438,17,338,7,252,"chi",1.22396241397077,0.268584426113902
"GTCCG","CGGAC",439,15,340,14,245,"chi",0.238256953322519,0.625467878950085
"GTCCC","GGGAC",440,78,277,69,190,"chi",1.54554134496536,0.213794868016618
"GGAAG","CTTCC",441,146,209,113,146,"chi",0.288776896578835,0.591005391807132
"GGATG","CATCC",442,82,273,81,178,"chi",4.72222457684835,0.0297751989579113
"GGAGG","CCTCC",443,169,186,137,122,"chi",1.47138447101165,0.225127382357263
"GGAGC","GCTCC",444,87,268,64,195,"chi",1.35829151112459e-29,0.999999999999997
"GGACG","CGTCC",445,18,337,22,237,"chi",2.34752830667023,0.125481826143282
"GGACC","GGTCC",446,53,302,51,208,"chi",2.08659875235268,0.148596579532203
"GGTAG","CTACC",447,63,292,45,214,"chi",0.000149693199295172,0.990238191996888
"GGTTG","CAACC",448,98,257,69,190,"chi",0.0300934685346694,0.862278319658211
"GGTGG","CCACC",449,135,220,116,143,"chi",2.55823761782717,0.109720836356943
"GGTGC","GCACC",450,81,274,60,199,"chi",1.96252895028442e-05,0.996465347880692
"GGTCG","CGACC",451,17,338,14,245,"chi",0.0249779447914087,0.874422030533081
"GGGAG","CTCCC",452,156,199,101,158,"chi",1.30972537855603,0.252444383081075
"GGGTG","CACCC",453,102,253,93,166,"chi",3.23364924877581,0.0721397694322236
"GGGGG","CCCCC",454,72,283,52,207,"chi",1.54119832245797e-29,0.999999999999997
"GGGGC","GCCCC",455,73,282,68,191,"chi",2.42967852767492,0.11905731206649
"GGGCG","CGCCC",456,44,311,26,233,"chi",0.606041122387288,0.436282303196445
"GGGCC","GGCCC",457,64,291,58,201,"chi",1.52883456366035,0.21628744024996
"GGCAG","CTGCC",458,138,217,111,148,"chi",0.827545624502127,0.362983198717402
"GGCTG","CAGCC",459,156,199,117,142,"chi",0.0487054602197074,0.825331376477634
"GGCGG","CCGCC",460,56,299,26,233,"chi",3.77661826600684,0.0519736031628456
"GGCGC","GCGCC",461,30,325,18,241,"chi",0.282997128827144,0.594743487541661
"GGCCG","CGGCC",462,35,320,19,240,"chi",0.894841293578719,0.34416872650679
"GCAAG","CTTGC",463,99,256,75,184,"chi",0.039977503190228,0.841524573621127
"GCATG","CATGC",464,108,247,80,179,"chi",0.00122079726113883,0.972127657017626
"GCAGG","CCTGC",465,133,222,105,154,"chi",0.474265074016711,0.491031550961978
"GCAGC","GCTGC",466,88,267,87,172,"chi",5.26946450962837,0.0217026877863201
"GCACG","CGTGC",467,27,328,26,233,"chi",0.836596688467066,0.360371937145672
"GCTAG","CTAGC",468,45,310,31,228,"chi",0.0192146565507252,0.889752854949507
"GCTTG","CAAGC",469,112,243,87,172,"chi",0.199314266497288,0.65527492057367
"GCTGG","CCAGC",470,164,191,127,132,"chi",0.376491678268751,0.539486837195893
"GCTCG","CGAGC",471,15,340,12,247,"chi",0.00194830172035823,0.964793150480235
"GCGAG","CTCGC",472,30,325,20,239,"chi",0.0312035779947076,0.859786973771824
"GCGTG","CACGC",473,50,305,27,232,"chi",1.51025473245272,0.219100220576769
"GCGGG","CCCGC",474,37,318,20,239,"chi",0.995928097928782,0.318297799035135
"GCGGC","GCCGC",475,17,338,17,242,"chi",0.594518125694025,0.440677286618373
"GCGCG","CGCGC",476,14,341,7,252,"chi",0.372991012414738,0.541378407140687
"GCCAG","CTGGC",477,137,218,99,160,"chi",7.19382450446974e-05,0.993232710216739
"GCCTG","CAGGC",478,154,201,116,143,"chi",0.0700410023518435,0.791277090115267
"GCCGG","CCGGC",479,29,326,16,243,"chi",0.605738820898601,0.436396745380913
"GCCCG","CGGGC",480,37,318,17,242,"chi",2.3196183154986,0.12775136968883
"CAAAG","CTTTG",481,173,182,116,143,"chi",0.783673601725162,0.376019971268897
"CAATG","CATTG",482,130,225,85,174,"chi",0.791162189810333,0.373748936045925
"CAAGG","CCTTG",483,121,234,92,167,"chi",0.0803881784556461,0.776772051126833
"CAACG","CGTTG",484,18,337,15,244,"chi",0.0441418141255721,0.833589989291168
"CATAG","CTATG",485,92,263,75,184,"chi",0.554644810528542,0.456426013303641
"CATGG","CCATG",486,121,234,92,167,"chi",0.0803881784556461,0.776772051126833
"CATCG","CGATG",487,15,340,13,246,"chi",0.0728224592856067,0.787270755572937
"CAGAG","CTCTG",488,175,180,136,123,"chi",0.49690480692018,0.480863289427762
"CAGTG","CACTG",489,160,195,132,127,"chi",1.85674864782644,0.173000522383206
"CAGGG","CCCTG",490,123,232,87,172,"chi",0.0348083057258904,0.851997914575021
"CAGCG","CGCTG",491,35,320,22,237,"chi",0.189028321436263,0.663726570450954
"CACAG","CTGTG",492,154,201,111,148,"chi",0.00218608704047141,0.962708008623206
"CACGG","CCGTG",493,30,325,27,232,"chi",0.478313772675578,0.489187102676894
"CACCG","CGGTG",494,36,319,20,239,"chi",0.785348202053272,0.375510443948718
"CTAAG","CTTAG",495,83,272,64,195,"chi",0.0816200743458383,0.775113824083668
"CTAGG","CCTAG",496,73,282,55,204,"chi",0.0103828072847048,0.918839176411175
"CTACG","CGTAG",497,14,341,12,247,"chi",0.0467073346780158,0.828895147572681
"CTTGG","CCAAG",498,112,243,109,150,"chi",6.7648957248431,0.00929683560865742
"CTTCG","CGAAG",499,25,330,15,244,"chi",0.206691929522326,0.649372684377221
"CTGAG","CTCAG",500,175,180,135,124,"chi",0.372574464591428,0.541604297822786
"CTGGG","CCCAG",501,182,173,136,123,"chi",0.0494645854739867,0.823997567352071
"CTGCG","CGCAG",502,32,323,24,235,"chi",5.45625114421877e-29,0.999999999999994
"CTCGG","CCGAG",503,55,300,33,226,"chi",0.71293635778855,0.398470732390236
"CTCCG","CGGAG",504,43,312,24,235,"chi",0.972304027622487,0.32410623253401
"CGAGG","CCTCG",505,45,310,26,233,"chi",0.77702320229224,0.378053099260846
"CGACG","CGTCG",506,5,350,2,257,"fis",1.83401588750689,0.704744880485854
"CGTGG","CCACG",507,42,313,23,236,"chi",1.08329265597333,0.297962132446376
"CGGGG","CCCCG",508,40,315,36,223,"chi",0.729194493054134,0.393144409294708
"CGGCG","CGCCG",509,5,350,1,258,"fis",3.67931670740637,0.409221198025059
"CGCGG","CCGCG",510,7,348,4,255,"fis",1.28181933484839,0.767473183397282
"CCAGG","CCTGG",511,169,186,123,136,"chi",0,1
"CCGGG","CCCGG",512,41,314,24,235,"chi",0.600939240218853,0.43821988762563
